customer_id,age,sex,bmi,weight_kg,children,smoker,region,exercise_freq,date_of_birth,favorite_color,zodiac_sign,lucky_number,preferred_contact,marketing_opt_in,annual_charge,risk_tier
HW1000,56,female,29.7,85.6,1,no,south,3.0,1970-05-14,purple,Leo,54,sms,yes,14924.08,Medium
HW1001,46,female,24.1,69.9,4,yes,west,5.0,1980-09-17,red,Virgo,81,phone,yes,45450.69,High
HW1002,32,female,34.4,100.1,0,yes,north,3.0,1994-05-07,yellow,Libra,7,sms,yes,43874.19,High
HW1003,60,female,27.0,78.7,0,yes,north,4.0,1966-11-22,blue,Capricorn,17,sms,no,48107.39,High
HW1004,25,male,31.3,90.0,1,no,north,4.0,2001-06-12,blue,Pisces,50,sms,yes,13745.61,Medium
HW1005,38,male,22.5,65.8,2,no,south,5.0,1988-07-06,red,Libra,24,phone,no,7498.53,Low
HW1006,56,male,27.8,79.8,0,yes,south,5.0,1970-05-16,blue,Libra,2,sms,no,45206.27,High
HW1007,36,male,40.0,116.9,4,yes,east,1.0,1990-10-05,yellow,Libra,99,email,no,55009.88,High
HW1008,40,female,33.8,96.4,0,no,south,2.0,1986-09-14,red,Aquarius,92,sms,no,14616.03,Medium
HW1009,28,male,29.8,86.3,4,no,west,2.0,1998-08-14,purple,Libra,83,phone,no,8901.55,Low
HW1010,28,male,25.3,69.9,3,no,east,5.0,1998-12-10,red,Gemini,33,phone,yes,8484.2,Low
HW1011,41,female,28.4,81.3,3,yes,east,3.0,1985-04-20,red,Pisces,21,email,no,10945.81,Low
HW1012,53,female,29.2,85.5,4,yes,west,4.0,1973-10-21,purple,Gemini,74,email,no,47648.25,High
HW1013,57,female,30.7,86.7,2,no,west,3.0,1969-03-15,yellow,Libra,53,email,no,16176.53,Medium
HW1014,41,female,21.5,61.5,0,no,west,4.0,1985-08-23,green,Taurus,46,phone,yes,13081.89,Medium
HW1015,20,male,32.0,87.7,0,yes,east,4.0,2006-05-10,green,Taurus,45,sms,yes,45010.67,High
HW1016,39,male,21.5,59.4,3,no,east,5.0,1987-03-21,purple,Gemini,9,sms,yes,7657.83,Low
HW1017,19,female,37.8,107.0,4,yes,east,2.0,2007-03-26,yellow,Cancer,6,email,yes,47574.47,High
HW1018,41,male,23.4,67.8,0,no,west,5.0,1985-05-16,blue,Virgo,51,email,no,7811.15,Low
HW1019,61,male,29.8,86.8,0,no,west,4.0,1965-01-06,purple,Scorpio,35,sms,yes,15035.23,Medium
HW1020,47,male,34.0,98.1,2,yes,north,2.0,1979-10-20,green,Capricorn,82,email,no,48132.56,High
HW1021,55,female,26.5,75.8,1,no,south,5.0,1971-04-16,yellow,Capricorn,53,sms,yes,14680.71,Medium
HW1022,19,male,30.0,85.9,3,no,north,5.0,2007-08-02,red,Libra,19,sms,yes,14292.63,Medium
HW1023,38,female,36.6,107.2,3,no,west,2.0,1988-04-15,yellow,Cancer,69,sms,yes,16943.06,Medium
HW1024,50,male,31.4,91.2,1,no,east,4.0,1976-02-01,yellow,Taurus,25,sms,yes,14514.16,Medium
HW1025,29,male,30.1,86.3,0,yes,west,3.0,1997-10-19,green,Taurus,11,phone,no,18748.28,Medium
HW1026,39,male,17.9,54.3,2,no,south,6.0,1987-12-08,green,Cancer,74,sms,yes,7901.47,Low
HW1027,61,female,22.4,68.6,2,yes,north,,1965-06-12,blue,Virgo,17,email,no,45191.1,High
HW1028,42,male,34.3,96.6,3,no,north,4.0,1984-07-18,blue,Gemini,36,email,no,41749.94,High
HW1029,44,female,31.4,91.8,2,no,east,2.0,1982-06-14,purple,Virgo,90,email,no,9079.7,Low
HW1030,59,female,32.3,99.5,1,no,north,3.0,1967-08-24,red,Leo,95,email,no,43813.74,High
HW1031,45,female,31.8,92.5,0,yes,north,4.0,1981-04-22,blue,Leo,96,phone,no,43279.04,High
HW1032,33,male,35.7,103.4,1,no,west,2.0,1993-05-09,green,Taurus,21,sms,no,15317.15,Medium
HW1033,32,male,26.4,76.2,4,no,north,4.0,1994-08-02,yellow,Scorpio,18,sms,no,8317.48,Low
HW1034,64,male,28.7,83.9,3,no,north,4.0,1962-12-16,purple,Leo,60,email,yes,17130.53,Medium
HW1035,61,male,21.8,64.5,2,yes,north,5.0,1965-07-16,blue,Aquarius,18,email,no,43641.89,High
HW1036,20,female,20.3,56.2,4,yes,east,5.0,2006-07-27,yellow,Taurus,1,email,yes,16422.11,Medium
HW1037,54,female,18.1,52.3,2,no,east,6.0,1972-12-01,yellow,Libra,14,sms,yes,29691.1,High
HW1038,24,female,22.7,61.1,0,no,west,5.0,2002-01-12,blue,Sagittarius,8,phone,no,11969.56,Medium
HW1039,38,male,37.3,107.4,0,yes,north,3.0,1988-04-21,red,Sagittarius,66,phone,no,48500.58,High
HW1040,26,female,18.7,52.2,0,no,east,5.0,2000-04-07,red,Aries,51,phone,yes,6449.59,Low
HW1041,56,male,26.2,76.4,2,no,east,4.0,1970-03-07,purple,Libra,79,phone,yes,15578.06,Medium
HW1042,35,female,20.2,55.1,4,no,west,5.0,1991-08-22,red,Sagittarius,60,email,no,7412.65,Low
HW1043,21,male,24.4,69.5,0,yes,south,4.0,2005-06-16,purple,Virgo,34,sms,no,15536.08,Medium
HW1044,42,male,29.0,85.7,4,yes,north,4.0,1984-08-08,green,Aries,36,email,yes,19857.08,Medium
HW1045,31,female,23.8,67.4,2,no,east,6.0,1995-07-22,blue,Taurus,62,phone,yes,6903.36,Low
HW1046,26,female,34.5,95.9,4,yes,west,3.0,2000-06-10,yellow,Cancer,1,email,no,19771.27,Medium
HW1047,43,female,37.2,108.0,2,no,west,2.0,1983-11-13,purple,Cancer,85,phone,yes,17323.4,Medium
HW1048,19,female,16.0,45.1,2,no,west,6.0,2007-06-24,red,Taurus,42,sms,yes,6094.54,Low
HW1049,37,male,23.9,68.7,3,no,east,5.0,1989-01-21,purple,Scorpio,1,phone,no,8247.16,Low
HW1050,45,female,28.4,80.6,2,no,north,3.0,1981-03-12,purple,Taurus,96,email,yes,15425.2,Medium
HW1051,64,female,34.8,104.5,2,no,south,3.0,1962-08-27,red,Gemini,84,sms,no,44714.44,High
HW1052,24,female,25.3,70.0,1,yes,north,4.0,2002-06-18,red,Cancer,54,phone,no,16659.72,Medium
HW1053,61,male,27.9,86.3,0,no,west,4.0,1965-07-23,blue,Sagittarius,47,phone,no,16041.02,Medium
HW1054,25,male,21.1,60.2,3,no,west,6.0,2001-05-08,yellow,Capricorn,39,sms,yes,7714.47,Low
HW1055,64,female,18.8,54.7,3,no,south,6.0,1962-05-17,blue,Aries,30,email,no,13054.66,Medium
HW1056,52,male,36.7,104.9,3,yes,north,3.0,1974-09-20,blue,Scorpio,7,sms,yes,20526.44,Medium
HW1057,31,female,17.1,48.2,1,yes,west,6.0,1995-02-04,red,Pisces,22,email,no,16747.5,Medium
HW1058,34,male,42.0,119.8,2,yes,west,3.0,1992-09-02,red,Leo,50,phone,no,21213.13,Medium
HW1059,53,male,32.4,94.8,0,no,north,3.0,1973-04-18,yellow,Libra,45,phone,yes,17192.51,Medium
HW1060,57,male,32.1,89.9,4,no,west,3.0,1969-05-19,purple,Scorpio,74,sms,yes,17345.73,Medium
HW1061,21,male,31.5,91.8,2,no,north,4.0,2005-10-18,blue,Leo,72,phone,yes,15271.82,Medium
HW1062,19,female,26.5,72.2,1,yes,west,5.0,2007-09-21,yellow,Scorpio,91,sms,no,16252.13,Medium
HW1063,23,female,,88.4,2,yes,north,3.0,2003-10-05,blue,Capricorn,10,phone,yes,42938.9,High
HW1064,59,female,26.9,79.4,2,no,south,4.0,1967-01-22,purple,Aquarius,14,phone,no,15644.57,Medium
HW1065,21,male,31.3,87.9,1,no,west,3.0,2005-07-17,blue,Scorpio,46,email,yes,12621.58,Medium
HW1066,46,female,27.8,81.7,3,yes,south,4.0,1980-09-24,green,Sagittarius,75,sms,no,42176.33,High
HW1067,35,female,22.3,64.5,3,no,west,5.0,1991-12-14,yellow,Taurus,6,sms,no,7987.57,Low
HW1068,43,female,22.8,69.1,0,yes,west,6.0,1983-08-23,red,Gemini,21,phone,no,18044.88,Medium
HW1069,61,male,22.1,62.2,0,no,east,5.0,1965-05-19,blue,Aries,62,email,no,15357.32,Medium
HW1070,51,male,33.8,103.3,3,no,north,4.0,1975-12-14,yellow,Cancer,97,email,yes,16304.25,Medium
HW1071,27,male,24.3,65.4,4,yes,south,4.0,1999-09-07,yellow,Leo,19,sms,yes,19412.92,Medium
HW1072,53,female,16.5,47.0,2,yes,south,7.0,1973-11-26,blue,Aquarius,88,sms,no,38985.57,High
HW1073,31,female,30.4,84.5,4,no,south,4.0,1995-10-08,red,Aries,82,phone,no,15249.6,Medium
HW1074,48,female,37.1,110.9,2,yes,north,4.0,1978-06-14,red,Scorpio,99,sms,yes,51229.62,High
HW1075,32,male,32.6,93.7,3,no,east,2.0,1994-11-14,blue,Taurus,62,phone,yes,14327.52,Medium
HW1076,25,male,24.4,70.2,0,no,south,4.0,2001-05-08,yellow,Aries,83,email,yes,7298.6,Low
HW1077,31,female,18.5,54.4,0,no,north,7.0,1995-03-23,red,Taurus,53,sms,yes,6542.85,Low
HW1078,40,male,27.2,78.6,4,no,west,4.0,1986-02-03,blue,Leo,24,email,yes,15232.73,Medium
HW1079,57,male,27.0,76.8,0,no,south,4.0,1969-12-15,blue,Sagittarius,56,email,yes,16165.3,Medium
HW1080,38,male,22.2,61.6,3,yes,south,4.0,1988-02-05,blue,Sagittarius,62,phone,no,19241.79,Medium
HW1081,33,male,31.3,90.8,4,no,east,4.0,1993-07-11,yellow,Taurus,34,email,yes,16063.19,Medium
HW1082,62,female,39.1,113.8,2,no,south,1.0,1964-10-27,red,Taurus,22,phone,yes,44114.61,High
HW1083,35,male,29.3,86.1,0,no,south,4.0,1991-11-27,yellow,Gemini,68,phone,no,7173.41,Low
HW1084,64,male,29.0,87.6,1,yes,west,4.0,1962-10-15,green,Libra,57,email,yes,50529.13,High
HW1085,41,male,22.4,60.4,0,yes,north,6.0,1985-01-13,red,Aquarius,10,email,yes,17300.49,Medium
HW1086,43,male,36.4,105.1,2,no,north,2.0,1983-10-25,yellow,Gemini,66,phone,yes,15793.25,Medium
HW1087,42,female,27.5,81.9,4,yes,east,4.0,1984-01-01,red,Aries,8,phone,no,19974.89,Medium
HW1088,62,female,24.5,70.6,2,no,west,4.0,1964-12-26,green,Virgo,97,email,yes,14928.95,Medium
HW1089,58,male,28.4,77.4,1,no,north,6.0,1968-08-06,purple,Gemini,38,phone,no,38817.55,High
HW1090,46,male,30.8,86.4,3,no,west,3.0,1980-06-12,blue,Aries,62,phone,yes,17081.04,Medium
HW1091,32,male,28.8,83.9,0,no,north,4.0,1994-09-15,yellow,Cancer,28,sms,no,6942.64,Low
HW1092,62,male,35.2,102.3,4,no,west,4.0,1964-04-24,green,Aries,10,sms,yes,43897.13,High
HW1093,18,male,30.3,88.9,3,no,east,3.0,2008-04-02,green,Aries,45,sms,yes,12114.1,Medium
HW1094,42,male,26.3,74.4,2,yes,south,5.0,1984-11-24,red,Pisces,65,sms,yes,42224.9,High
HW1095,24,female,30.4,88.4,4,no,east,3.0,2002-12-07,red,Taurus,98,sms,no,14026.44,Medium
HW1096,26,male,31.0,87.7,3,no,north,4.0,2000-04-09,blue,Capricorn,67,phone,yes,13893.09,Medium
HW1097,41,female,20.2,58.9,4,no,east,5.0,1985-09-08,red,Scorpio,9,phone,yes,8752.51,Low
HW1098,18,female,34.9,101.0,1,no,south,2.0,2008-01-23,yellow,Taurus,5,sms,no,13701.78,Medium
HW1099,61,male,26.2,74.1,1,no,east,5.0,1965-05-23,yellow,Aquarius,10,email,no,16294.06,Medium
HW1100,25,female,26.3,79.1,0,no,north,5.0,2001-12-25,yellow,Taurus,12,sms,no,13249.67,Medium
HW1101,41,female,32.5,90.5,0,no,north,2.0,1985-02-13,purple,Aquarius,82,email,yes,13547.27,Medium
HW1102,28,female,32.5,93.6,1,yes,east,3.0,1998-11-04,yellow,Aquarius,58,phone,no,45504.83,High
HW1103,34,female,23.8,67.1,4,no,south,6.0,1992-04-18,red,Capricorn,21,email,yes,7837.68,Low
HW1104,25,female,32.8,98.5,1,no,east,,2001-03-16,red,Capricorn,21,phone,no,13169.21,Medium
HW1105,52,female,24.6,72.3,0,no,south,4.0,1974-11-14,yellow,Scorpio,65,email,no,8362.98,Low
HW1106,52,male,38.9,111.1,1,no,west,2.0,1974-08-12,green,Pisces,3,phone,yes,17370.74,Medium
HW1107,50,female,23.0,65.9,1,no,south,6.0,1976-09-06,green,Virgo,69,phone,yes,14353.71,Medium
HW1108,22,female,29.4,88.7,4,yes,west,3.0,2004-10-18,green,Pisces,89,sms,yes,17992.08,Medium
HW1109,59,female,23.3,65.4,3,no,east,5.0,1967-02-23,blue,Aquarius,64,phone,yes,15974.81,Medium
HW1110,56,male,41.3,115.8,0,yes,south,1.0,1970-08-24,purple,Cancer,49,sms,no,54272.26,High
HW1111,58,female,20.6,60.1,4,no,west,6.0,1968-06-10,yellow,Gemini,72,sms,no,16252.09,Medium
HW1112,45,male,31.1,90.5,1,no,west,3.0,1981-08-17,blue,Aries,17,sms,no,7918.12,Low
HW1113,24,female,23.6,69.5,1,yes,west,5.0,2002-09-12,green,Aquarius,73,email,yes,16904.8,Medium
HW1114,26,male,25.9,76.2,3,yes,north,6.0,2000-01-13,yellow,Gemini,32,email,yes,16329.88,Medium
HW1115,25,male,30.7,92.3,0,no,east,3.0,2001-03-12,blue,Pisces,70,phone,no,12722.9,Medium
HW1116,29,female,35.3,98.6,0,yes,west,4.0,1997-09-27,red,Sagittarius,21,sms,no,46395.25,High
HW1117,51,female,37.7,106.5,2,no,south,2.0,1975-05-25,green,Leo,7,sms,yes,15418.7,Medium
HW1118,50,male,18.8,55.7,0,yes,west,5.0,1976-09-06,blue,Virgo,7,phone,no,39719.67,High
HW1119,40,female,29.6,83.3,3,yes,north,6.0,1986-11-17,red,Leo,27,sms,no,18293.79,Medium
HW1120,41,male,36.8,103.4,2,no,east,2.0,1985-10-23,green,Aries,8,phone,no,15746.84,Medium
HW1121,54,male,17.9,55.5,2,no,north,5.0,1972-06-25,purple,Capricorn,73,sms,yes,13538.43,Medium
HW1122,52,male,29.9,83.2,1,no,north,4.0,1974-07-11,green,Aries,28,email,no,14913.0,Medium
HW1123,61,male,28.0,80.2,1,no,north,4.0,1965-12-13,purple,Cancer,79,phone,yes,15078.35,Medium
HW1124,57,male,30.5,88.0,0,no,south,4.0,1969-04-07,purple,Gemini,66,phone,no,18269.07,Medium
HW1125,39,female,23.4,70.2,2,no,east,5.0,1987-02-06,purple,Aquarius,71,email,yes,7629.89,Low
HW1126,44,male,19.4,52.3,1,no,east,7.0,1982-06-18,yellow,Scorpio,47,phone,no,7285.16,Low
HW1127,52,male,16.5,48.5,3,no,south,6.0,1974-04-08,yellow,Pisces,82,email,no,13804.09,Medium
HW1128,18,female,33.9,96.2,1,no,east,2.0,2008-08-08,purple,Pisces,86,sms,no,13144.99,Medium
HW1129,52,male,34.6,101.2,1,no,north,3.0,1974-08-01,red,Libra,10,email,yes,41888.35,High
HW1130,54,female,29.8,84.3,2,yes,east,3.0,1972-02-12,purple,Aquarius,33,email,no,45349.68,High
HW1131,64,female,24.8,74.8,2,no,south,4.0,1962-04-25,blue,Libra,7,phone,no,15334.69,Medium
HW1132,31,female,18.3,51.1,4,yes,north,5.0,1995-03-14,purple,Scorpio,3,sms,yes,18006.14,Medium
HW1133,20,male,31.4,85.8,3,no,south,5.0,2006-06-23,yellow,Capricorn,14,email,yes,12689.56,Medium
HW1134,18,male,21.4,60.3,2,yes,west,5.0,2008-08-13,yellow,Libra,44,sms,no,14364.73,Medium
HW1135,22,male,23.7,68.0,0,no,north,5.0,2004-07-19,blue,Capricorn,46,email,no,6441.42,Low
HW1136,43,female,24.5,73.0,3,no,north,4.0,1983-06-05,blue,Taurus,61,phone,no,7420.73,Low
HW1137,31,male,26.8,74.9,3,yes,east,3.0,1995-12-26,green,Cancer,36,email,no,17850.2,Medium
HW1138,56,female,23.4,65.1,2,yes,north,5.0,1970-04-01,red,Aquarius,13,email,no,41596.51,High
HW1139,44,male,28.2,83.4,3,yes,south,4.0,1982-07-24,red,Virgo,16,sms,yes,19037.13,Medium
HW1140,26,female,24.3,67.5,2,no,east,5.0,2000-02-07,red,Gemini,80,email,no,7035.29,Low
HW1141,32,male,32.2,92.7,1,no,west,1.0,1994-06-05,yellow,Gemini,5,phone,yes,14867.35,Medium
HW1142,32,male,34.2,98.5,4,yes,south,2.0,1994-04-02,red,Virgo,89,phone,yes,46559.38,High
HW1143,43,male,28.7,83.4,1,no,west,5.0,1983-10-22,green,Aries,38,email,no,8483.53,Low
HW1144,59,female,30.8,87.5,2,no,west,3.0,1967-05-18,green,Aries,50,email,yes,39689.7,High
HW1145,30,female,40.7,115.8,2,no,west,2.0,1996-10-23,red,Leo,38,sms,no,16136.75,Medium
HW1146,49,male,21.0,61.4,1,no,north,4.0,1977-06-15,blue,Aries,56,sms,yes,30500.21,High
HW1147,56,male,20.6,57.7,0,no,south,6.0,1970-11-09,green,Capricorn,63,phone,yes,8482.36,Low
HW1148,49,female,32.2,90.3,0,no,south,4.0,1977-11-26,blue,Scorpio,48,sms,no,15667.97,Medium
HW1149,21,female,39.7,117.2,0,yes,north,3.0,2005-05-25,yellow,Taurus,90,email,no,50999.76,High
HW1150,47,female,26.4,77.3,2,yes,east,5.0,1979-09-17,green,Virgo,59,phone,yes,40932.0,High
HW1151,54,male,38.4,114.5,3,yes,west,3.0,1972-05-09,blue,Capricorn,77,sms,no,59200.37,High
HW1152,40,female,28.6,84.2,2,yes,south,,1986-07-16,red,Capricorn,44,phone,no,19729.02,Medium
HW1153,56,male,23.9,66.5,3,no,north,4.0,1970-06-22,yellow,Leo,90,email,yes,17666.58,Medium
HW1154,62,female,22.1,64.1,1,no,west,6.0,1964-11-23,purple,Capricorn,55,sms,yes,15982.74,Medium
HW1155,32,male,31.8,89.9,4,no,east,4.0,1994-01-04,purple,Pisces,55,email,yes,14614.81,Medium
HW1156,60,female,22.5,61.7,3,yes,east,4.0,1966-01-22,red,Pisces,1,email,no,45709.11,High
HW1157,46,female,28.5,81.5,0,yes,west,3.0,1980-04-01,yellow,Cancer,8,phone,no,43066.83,High
HW1158,53,female,37.5,110.3,2,no,east,2.0,1973-09-12,yellow,Aries,4,phone,no,17305.67,Medium
HW1159,30,female,26.2,76.3,1,no,south,3.0,1996-04-22,yellow,Gemini,85,phone,yes,6617.39,Low
HW1160,49,female,35.9,101.0,0,yes,south,2.0,1977-07-08,yellow,Pisces,86,sms,no,48423.34,High
HW1161,24,male,20.7,58.9,1,no,south,4.0,2002-12-13,purple,Cancer,53,sms,yes,7149.64,Low
HW1162,39,female,24.8,71.4,4,no,east,4.0,1987-11-09,blue,Taurus,58,phone,yes,8521.08,Low
HW1163,45,female,19.6,53.3,2,no,south,6.0,1981-09-24,yellow,Pisces,37,sms,yes,14324.81,Medium
HW1164,19,female,28.4,83.5,2,no,north,4.0,2007-10-11,blue,Taurus,49,sms,yes,6282.98,Low
HW1165,59,male,32.7,94.0,4,yes,south,3.0,1967-12-14,yellow,Taurus,67,phone,yes,48798.21,High
HW1166,62,female,28.5,79.6,2,yes,south,4.0,1964-03-12,green,Aquarius,19,email,yes,50288.09,High
HW1167,23,male,35.4,99.4,3,no,east,3.0,2003-02-21,green,Aries,1,sms,yes,15881.91,Medium
HW1168,45,female,23.5,70.1,1,no,south,4.0,1981-01-03,green,Capricorn,29,sms,no,13995.38,Medium
HW1169,45,female,29.4,84.2,0,no,west,4.0,1981-01-19,yellow,Taurus,87,email,yes,14944.3,Medium
HW1170,61,male,24.8,74.1,4,no,north,5.0,1965-04-23,blue,Virgo,33,email,no,17737.53,Medium
HW1171,61,female,30.2,90.4,3,yes,east,3.0,1965-12-16,purple,Gemini,52,email,no,50046.74,High
HW1172,37,male,31.0,91.6,0,no,north,3.0,1989-12-21,red,Capricorn,41,phone,no,15078.0,Medium
HW1173,47,male,31.5,90.0,0,yes,west,4.0,1979-05-13,purple,Leo,23,email,no,48571.68,High
HW1174,28,female,21.6,57.4,4,no,east,5.0,1998-01-08,yellow,Aries,5,phone,no,7365.92,Low
HW1175,45,male,22.7,66.2,3,no,east,5.0,1981-04-26,green,Scorpio,71,email,yes,14449.96,Medium
HW1176,42,female,23.8,73.0,0,no,south,5.0,1984-05-18,green,Cancer,57,email,no,7595.92,Low
HW1177,56,female,26.6,76.8,0,no,north,5.0,1970-12-17,blue,Sagittarius,6,phone,no,41006.31,High
HW1178,50,male,28.5,78.4,3,no,west,4.0,1976-09-15,yellow,Cancer,49,phone,no,15517.08,Medium
HW1179,18,male,32.2,91.7,2,no,west,4.0,2008-02-06,purple,Taurus,22,email,yes,13218.33,Medium
HW1180,44,male,22.9,65.8,0,no,east,5.0,1982-01-16,yellow,Gemini,77,email,no,7081.62,Low
HW1181,30,male,18.4,51.0,1,yes,south,5.0,1996-01-25,yellow,Leo,76,email,no,16853.32,Medium
HW1182,58,female,40.9,113.1,3,yes,east,2.0,1968-04-09,green,Pisces,4,sms,no,22795.06,Medium
HW1183,20,female,21.2,61.1,0,yes,east,6.0,2006-11-05,purple,Capricorn,72,email,no,13955.7,Medium
HW1184,56,male,33.0,93.8,4,yes,east,3.0,1970-07-01,red,Virgo,64,phone,yes,51675.54,High
HW1185,23,female,28.2,85.0,1,no,east,3.0,2003-06-24,green,Libra,37,sms,no,7558.58,Low
HW1186,25,female,29.5,85.5,0,no,west,5.0,2001-01-25,purple,Cancer,31,phone,yes,6701.59,Low
HW1187,44,female,28.0,81.9,1,no,west,5.0,1982-03-01,blue,Libra,37,sms,yes,8012.77,Low
HW1188,26,female,25.7,74.0,1,yes,east,4.0,2000-01-13,green,Capricorn,45,sms,no,18206.14,Medium
HW1189,54,male,30.8,89.2,2,no,east,3.0,1972-11-06,blue,Gemini,90,phone,no,16769.49,Medium
HW1190,50,male,25.4,70.1,1,no,south,5.0,1976-11-06,green,Libra,8,sms,yes,14035.12,Medium
HW1191,59,female,35.0,99.1,2,no,east,3.0,1967-01-14,yellow,Cancer,40,phone,no,45200.2,High
HW1192,61,male,31.4,92.9,3,no,west,2.0,1965-03-23,purple,Scorpio,97,email,no,45224.27,High
HW1193,41,male,31.6,91.7,2,no,north,5.0,1985-10-19,blue,Sagittarius,93,sms,no,15502.66,Medium
HW1194,32,male,25.0,71.5,4,yes,west,4.0,1994-03-19,green,Libra,5,phone,yes,18857.44,Medium
HW1195,49,female,26.6,77.8,0,yes,south,4.0,1977-12-23,blue,Scorpio,28,sms,yes,41239.86,High
HW1196,49,female,20.9,61.4,3,no,west,5.0,1977-04-20,green,Scorpio,81,phone,no,13533.47,Medium
HW1197,41,female,25.9,78.8,3,no,north,6.0,1985-03-10,green,Taurus,87,email,no,8132.13,Low
HW1198,58,male,21.8,63.3,4,no,east,5.0,1968-11-25,red,Sagittarius,9,email,yes,16203.24,Medium
HW1199,29,female,,101.6,2,yes,north,4.0,1997-02-04,red,Virgo,2,sms,yes,45729.45,High
HW1200,56,female,28.3,81.6,0,no,east,4.0,1970-08-06,red,Aquarius,63,sms,yes,15080.3,Medium
HW1201,19,male,29.0,85.0,2,no,east,3.0,2007-07-16,blue,Cancer,96,phone,yes,7304.28,Low
HW1202,20,female,26.6,78.9,1,no,west,4.0,2006-07-18,yellow,Leo,51,phone,yes,6128.89,Low
HW1203,54,female,29.2,81.2,2,yes,west,4.0,1972-04-26,green,Capricorn,31,sms,yes,46756.16,High
HW1204,34,male,42.8,124.2,3,yes,west,1.0,1992-10-22,purple,Leo,7,phone,yes,55560.69,High
HW1205,19,male,26.2,73.9,0,no,south,5.0,2007-03-09,red,Libra,30,phone,no,6367.79,Low
HW1206,19,male,24.1,68.5,2,no,west,5.0,2007-04-10,blue,Sagittarius,58,phone,yes,6562.58,Low
HW1207,45,female,31.2,91.9,0,yes,south,4.0,1981-02-16,blue,Libra,3,sms,yes,49583.22,High
HW1208,40,female,16.0,47.7,0,yes,west,6.0,1986-06-17,blue,Sagittarius,51,email,no,16383.04,Medium
HW1209,54,female,28.4,80.7,1,no,east,3.0,1972-06-13,purple,Cancer,56,email,no,14846.45,Medium
HW1210,49,male,25.8,74.2,1,no,south,5.0,1977-12-10,purple,Capricorn,73,phone,no,15678.15,Medium
HW1211,50,male,22.0,62.5,3,no,north,5.0,1976-01-08,red,Capricorn,10,sms,yes,15340.5,Medium
HW1212,18,female,31.0,95.4,4,no,south,1.0,2008-05-22,purple,Cancer,61,phone,yes,12976.83,Medium
HW1213,36,female,28.3,82.3,0,no,south,4.0,1990-02-02,red,Virgo,50,email,no,7401.97,Low
HW1214,19,male,17.2,48.0,4,yes,north,5.0,2007-12-09,purple,Scorpio,47,phone,no,15838.7,Medium
HW1215,61,male,24.1,72.3,3,no,south,5.0,1965-03-22,purple,Sagittarius,90,email,no,17424.07,Medium
HW1216,43,male,16.0,49.0,0,no,east,7.0,1983-10-21,purple,Aries,1,sms,yes,7566.6,Low
HW1217,49,male,29.8,89.7,0,no,west,5.0,1977-12-04,red,Aries,94,phone,no,13590.35,Medium
HW1218,23,female,29.7,90.0,4,no,north,4.0,2003-10-02,green,Scorpio,57,sms,yes,8612.31,Low
HW1219,49,male,23.2,68.5,2,yes,west,4.0,1977-08-10,red,Aquarius,38,phone,yes,42571.03,High
HW1220,21,female,31.2,89.5,1,yes,east,4.0,2005-07-11,green,Libra,62,phone,yes,44870.25,High
HW1221,28,female,20.3,58.3,2,no,north,5.0,1998-02-22,blue,Sagittarius,79,phone,yes,7126.22,Low
HW1222,34,female,22.2,63.6,4,yes,west,5.0,1992-08-23,blue,Aquarius,89,phone,no,18149.41,Medium
HW1223,55,male,30.5,87.3,1,yes,west,3.0,1971-01-21,red,Gemini,70,phone,no,48305.51,High
HW1224,41,male,23.9,71.6,2,no,east,5.0,1985-02-06,green,Capricorn,82,sms,no,9513.45,Low
HW1225,22,male,27.6,79.8,1,no,west,3.0,2004-07-14,green,Pisces,65,sms,yes,7055.76,Low
HW1226,51,male,24.6,73.0,0,no,east,5.0,1975-07-03,green,Leo,62,email,no,14168.8,Medium
HW1227,23,female,25.5,75.0,2,no,south,4.0,2003-07-15,blue,Gemini,56,phone,yes,6658.41,Low
HW1228,39,male,25.8,72.4,1,no,east,5.0,1987-05-24,red,Leo,67,email,yes,8054.48,Low
HW1229,28,male,23.8,65.3,1,no,south,4.0,1998-12-16,yellow,Capricorn,17,sms,yes,12743.38,Medium
HW1230,33,female,29.8,83.6,1,no,north,4.0,1993-08-07,green,Aries,8,email,no,8065.81,Low
HW1231,50,male,24.2,69.1,2,no,west,4.0,1976-06-02,green,Aquarius,60,sms,yes,15888.42,Medium
HW1232,26,female,28.1,81.5,3,no,east,4.0,2000-06-13,yellow,Cancer,40,phone,yes,14111.54,Medium
HW1233,23,female,23.6,66.9,2,no,east,5.0,2003-12-15,red,Virgo,81,email,no,6665.29,Low
HW1234,33,female,18.8,55.7,4,no,west,5.0,1993-11-09,green,Taurus,89,email,no,7788.43,Low
HW1235,46,female,33.5,95.8,2,no,west,2.0,1980-02-17,red,Libra,62,email,no,16703.17,Medium
HW1236,20,female,31.0,90.1,1,no,north,4.0,2006-11-05,green,Scorpio,41,email,yes,12708.61,Medium
HW1237,37,female,41.7,120.7,0,yes,north,1.0,1989-11-22,purple,Aries,12,phone,yes,51637.56,High
HW1238,53,female,21.7,66.2,2,no,east,5.0,1973-03-24,green,Cancer,93,sms,no,15243.03,Medium
HW1239,36,female,26.7,75.2,2,yes,north,4.0,1990-07-02,purple,Aquarius,89,sms,yes,18516.05,Medium
HW1240,43,male,27.2,83.0,1,no,south,5.0,1983-12-23,red,Cancer,54,phone,yes,8543.96,Low
HW1241,20,male,33.9,96.8,0,no,north,3.0,2006-01-25,green,Leo,89,sms,no,14768.39,Medium
HW1242,36,male,25.0,69.6,0,no,north,5.0,1990-07-06,blue,Pisces,93,email,no,7658.56,Low
HW1243,37,male,21.0,60.3,4,no,east,6.0,1989-02-03,blue,Pisces,11,phone,no,8026.52,Low
HW1244,49,female,35.2,108.2,2,no,south,3.0,1977-01-15,yellow,Cancer,60,sms,no,15379.89,Medium
HW1245,24,male,26.1,77.2,0,no,north,5.0,2002-10-13,blue,Sagittarius,68,phone,no,6978.92,Low
HW1246,58,female,33.3,97.4,0,no,south,4.0,1968-05-25,purple,Libra,78,phone,no,41068.36,High
HW1247,50,male,32.6,95.8,3,no,south,3.0,1976-06-05,blue,Taurus,46,sms,no,17745.48,Medium
HW1248,57,male,27.8,78.8,3,yes,south,,1969-12-19,blue,Aries,38,sms,no,50939.86,High
HW1249,56,male,27.0,78.7,0,yes,west,4.0,1970-05-24,blue,Sagittarius,61,phone,yes,44036.53,High
HW1250,35,female,25.7,74.3,4,yes,west,5.0,1991-12-18,green,Aries,17,phone,yes,17853.74,Medium
HW1251,57,male,27.9,84.2,0,no,west,4.0,1969-05-22,yellow,Virgo,66,sms,yes,15915.26,Medium
HW1252,18,female,33.2,95.7,1,no,west,3.0,2008-10-24,red,Taurus,72,phone,yes,6626.03,Low
HW1253,28,female,23.2,66.3,2,no,east,6.0,1998-08-15,yellow,Cancer,36,sms,yes,6936.09,Low
HW1254,45,male,28.7,80.6,4,yes,north,4.0,1981-05-25,purple,Virgo,74,phone,yes,45939.89,High
HW1255,42,male,21.3,61.8,1,yes,west,4.0,1984-04-25,green,Leo,7,phone,yes,17217.0,Medium
HW1256,40,male,22.0,64.2,4,no,east,4.0,1986-11-23,green,Aquarius,16,phone,yes,8931.65,Low
HW1257,48,female,27.8,77.9,1,yes,north,4.0,1978-06-04,blue,Virgo,14,sms,yes,44825.51,High
HW1258,47,male,16.2,47.7,2,no,west,6.0,1979-02-24,blue,Gemini,80,email,yes,8839.67,Low
HW1259,59,female,40.4,117.2,2,no,north,3.0,1967-06-03,purple,Leo,25,sms,yes,48116.21,High
HW1260,52,female,20.8,62.1,3,no,west,5.0,1974-07-10,green,Taurus,4,phone,no,15743.68,Medium
HW1261,24,male,27.8,82.8,1,yes,east,4.0,2002-07-06,red,Libra,29,email,yes,16928.08,Medium
HW1262,33,male,35.0,101.3,3,yes,south,2.0,1993-02-24,yellow,Gemini,56,email,no,46885.83,High
HW1263,43,female,22.8,63.8,1,yes,south,5.0,1983-01-13,green,Aries,6,phone,yes,19987.78,Medium
HW1264,19,female,16.0,44.6,3,no,north,5.0,2007-01-06,red,Scorpio,1,sms,no,5895.99,Low
HW1265,18,female,25.3,76.6,2,no,east,4.0,2008-05-25,red,Scorpio,39,email,yes,6176.88,Low
HW1266,29,male,,66.2,4,yes,south,5.0,1997-12-23,yellow,Gemini,1,email,no,37921.76,High
HW1267,22,female,16.0,49.7,3,no,west,6.0,2004-02-12,red,Libra,63,sms,yes,7212.09,Low
HW1268,54,male,29.7,86.8,1,no,south,5.0,1972-07-15,purple,Sagittarius,57,sms,no,16028.77,Medium
HW1269,49,female,29.2,85.9,1,yes,north,5.0,1977-03-16,red,Scorpio,67,email,yes,46516.11,High
HW1270,26,female,34.9,102.7,2,no,north,2.0,2000-01-27,purple,Gemini,65,sms,no,14488.26,Medium
HW1271,58,male,21.3,59.1,1,no,east,4.0,1968-08-12,red,Taurus,65,email,yes,14492.93,Medium
HW1272,52,female,18.4,53.8,0,yes,north,6.0,1974-03-27,blue,Capricorn,21,phone,no,38306.65,High
HW1273,36,male,25.6,71.5,4,no,south,5.0,1990-08-23,red,Libra,30,sms,no,8988.56,Low
HW1274,33,male,27.5,78.9,3,no,south,3.0,1993-12-15,purple,Libra,96,email,no,7778.36,Low
HW1275,20,female,33.5,98.1,4,no,south,3.0,2006-02-17,red,Sagittarius,33,sms,no,37788.5,High
HW1276,37,male,36.5,103.4,2,no,south,4.0,1989-07-13,red,Leo,48,sms,no,17475.63,Medium
HW1277,41,male,35.3,103.1,3,no,east,3.0,1985-01-06,red,Cancer,22,email,no,16912.14,Medium
HW1278,50,female,29.7,82.8,3,no,west,4.0,1976-11-10,purple,Scorpio,94,phone,no,17196.06,Medium
HW1279,41,male,32.8,97.1,0,no,west,3.0,1985-11-26,red,Cancer,54,email,no,14064.73,Medium
HW1280,28,male,24.2,68.6,2,no,east,5.0,1998-08-23,yellow,Cancer,4,sms,yes,6692.48,Low
HW1281,25,male,29.0,81.8,1,no,north,4.0,2001-04-17,yellow,Pisces,87,email,yes,7579.19,Low
HW1282,53,female,20.9,57.5,0,yes,west,5.0,1973-01-04,purple,Pisces,55,sms,yes,17769.29,Medium
HW1283,55,male,28.4,80.9,0,no,north,5.0,1971-05-23,blue,Taurus,44,email,no,16627.89,Medium
HW1284,57,female,28.5,78.5,4,no,west,3.0,1969-04-10,yellow,Aries,89,phone,no,16465.6,Medium
HW1285,37,female,38.3,109.6,4,no,north,2.0,1989-12-01,green,Cancer,12,phone,yes,16741.47,Medium
HW1286,52,male,26.6,79.1,4,no,east,4.0,1974-11-26,yellow,Libra,81,phone,yes,16500.89,Medium
HW1287,42,male,28.5,82.0,0,yes,south,4.0,1984-07-18,green,Pisces,79,phone,no,10750.8,Low
HW1288,52,male,29.4,82.6,1,no,north,4.0,1974-11-18,purple,Sagittarius,74,email,no,15543.62,Medium
HW1289,42,female,25.3,73.6,3,yes,south,5.0,1984-08-10,blue,Sagittarius,99,phone,yes,17715.82,Medium
HW1290,46,male,23.2,67.3,4,no,north,4.0,1980-10-10,green,Pisces,52,email,no,8917.36,Low
HW1291,35,male,35.8,107.4,1,no,north,4.0,1991-05-10,green,Capricorn,93,sms,yes,16874.04,Medium
HW1292,63,male,22.1,65.5,2,no,north,5.0,1963-02-21,yellow,Aries,76,sms,no,15515.05,Medium
HW1293,35,male,20.0,58.4,4,no,north,4.0,1991-08-06,green,Leo,65,sms,yes,7823.54,Low
HW1294,19,male,32.1,94.6,3,no,north,4.0,2007-03-08,purple,Libra,65,phone,yes,14124.88,Medium
HW1295,52,female,34.9,100.6,2,no,south,,1974-09-05,purple,Libra,10,phone,no,15762.61,Medium
HW1296,33,female,25.3,73.0,2,no,north,3.0,1993-02-02,purple,Capricorn,18,phone,yes,7955.57,Low
HW1297,58,male,25.4,76.7,3,no,south,5.0,1968-07-17,yellow,Virgo,47,sms,no,15508.44,Medium
HW1298,53,male,29.7,82.6,4,no,east,4.0,1973-10-12,blue,Aquarius,66,sms,no,16820.63,Medium
HW1299,50,male,23.8,70.7,0,yes,west,6.0,1976-02-10,yellow,Capricorn,49,sms,no,47240.04,High
HW1300,21,male,23.3,67.1,3,yes,north,5.0,2005-04-01,purple,Cancer,72,sms,no,16060.69,Medium
HW1301,50,female,33.3,95.7,3,no,west,3.0,1976-04-13,yellow,Gemini,22,email,no,17969.13,Medium
HW1302,31,male,31.6,90.2,3,no,south,3.0,1995-12-11,purple,Pisces,86,email,yes,15142.12,Medium
HW1303,38,female,35.9,104.1,2,no,east,4.0,1988-10-15,red,Sagittarius,26,phone,no,15908.09,Medium
HW1304,37,female,20.5,59.2,1,yes,east,5.0,1989-05-25,red,Pisces,90,phone,no,16276.57,Medium
HW1305,25,male,25.0,71.4,0,no,east,4.0,2001-01-05,green,Capricorn,9,sms,yes,7259.44,Low
HW1306,24,female,29.7,84.4,4,no,west,3.0,2002-02-09,blue,Cancer,21,email,no,7651.33,Low
HW1307,20,female,22.4,60.9,4,yes,south,4.0,2006-06-18,red,Scorpio,95,email,yes,15598.99,Medium
HW1308,34,female,31.9,90.7,1,no,north,4.0,1992-03-14,purple,Aries,63,phone,no,15582.09,Medium
HW1309,50,female,35.3,101.0,3,no,north,4.0,1976-08-17,yellow,Libra,6,email,yes,16656.74,Medium
HW1310,29,male,24.5,71.1,0,no,south,4.0,1997-12-03,yellow,Pisces,14,phone,no,6263.28,Low
HW1311,39,male,28.2,85.4,4,no,west,3.0,1987-10-17,green,Virgo,33,sms,no,8875.08,Low
HW1312,39,female,36.7,104.8,4,no,north,3.0,1987-11-11,yellow,Pisces,71,sms,no,17238.26,Medium
HW1313,63,male,38.8,110.1,3,yes,south,3.0,1963-08-01,red,Aries,24,phone,no,57557.05,High
HW1314,47,male,,92.5,1,no,north,3.0,1979-05-04,yellow,Cancer,73,sms,no,15538.21,Medium
HW1315,55,male,31.6,91.6,0,no,east,4.0,1971-07-14,red,Pisces,75,sms,yes,15533.27,Medium
HW1316,55,male,22.9,67.4,1,no,north,4.0,1971-05-24,red,Leo,87,email,yes,13917.44,Medium
HW1317,62,male,30.2,88.7,1,no,west,3.0,1964-12-11,blue,Aquarius,51,email,no,41569.03,High
HW1318,25,female,31.3,92.1,0,no,south,4.0,2001-01-05,green,Scorpio,2,email,yes,13144.9,Medium
HW1319,44,male,26.7,79.1,0,no,west,4.0,1982-04-03,purple,Cancer,15,email,no,8495.03,Low
HW1320,44,male,24.4,70.0,4,yes,south,5.0,1982-05-26,red,Gemini,35,email,no,19637.87,Medium
HW1321,51,male,20.3,62.8,4,no,east,4.0,1975-03-16,green,Taurus,36,phone,no,15038.2,Medium
HW1322,38,male,17.6,50.2,0,no,south,7.0,1988-08-13,purple,Cancer,92,phone,yes,6962.68,Low
HW1323,47,female,16.3,47.3,2,no,north,6.0,1979-03-01,yellow,Aquarius,39,email,no,13136.43,Medium
HW1324,50,female,31.5,93.6,4,no,north,3.0,1976-09-09,green,Capricorn,4,sms,yes,16499.7,Medium
HW1325,45,female,28.9,84.7,2,yes,east,4.0,1981-06-26,green,Cancer,64,sms,no,47025.36,High
HW1326,64,female,25.1,68.1,0,no,south,4.0,1962-01-24,green,Capricorn,74,phone,no,15877.76,Medium
HW1327,50,male,26.0,75.2,4,no,east,4.0,1976-02-09,yellow,Leo,6,phone,yes,16227.2,Medium
HW1328,22,female,29.3,86.4,1,no,north,3.0,2004-08-19,yellow,Libra,57,phone,no,6895.22,Low
HW1329,36,male,27.0,75.3,0,no,west,4.0,1990-05-09,green,Sagittarius,30,sms,yes,7296.18,Low
HW1330,21,male,20.0,59.3,3,no,east,5.0,2005-01-25,blue,Taurus,99,phone,no,7009.71,Low
HW1331,52,male,33.5,97.6,2,yes,west,3.0,1974-04-04,red,Leo,74,sms,no,49191.25,High
HW1332,34,male,29.8,88.5,0,no,west,3.0,1992-04-10,yellow,Aquarius,96,phone,no,7979.95,Low
HW1333,61,male,29.6,84.2,0,yes,south,3.0,1965-12-25,blue,Capricorn,67,sms,yes,48154.05,High
HW1334,45,female,33.0,97.4,4,no,east,2.0,1981-06-27,yellow,Sagittarius,90,phone,no,17912.88,Medium
HW1335,47,female,23.1,67.1,4,yes,west,4.0,1979-08-12,green,Pisces,15,phone,yes,40673.49,High
HW1336,46,female,35.3,105.5,4,yes,west,1.0,1980-04-16,blue,Gemini,17,sms,no,45104.07,High
HW1337,63,female,27.2,84.2,3,no,south,,1963-03-14,purple,Aries,91,phone,no,40631.79,High
HW1338,23,male,33.3,99.3,4,no,south,3.0,2003-01-10,red,Taurus,18,email,yes,14300.08,Medium
HW1339,52,female,32.4,94.6,0,no,north,3.0,1974-07-04,red,Virgo,19,sms,no,15916.95,Medium
HW1340,58,male,21.8,67.6,4,no,west,5.0,1968-08-16,yellow,Leo,76,phone,no,15021.93,Medium
HW1341,54,female,31.0,90.8,1,no,north,4.0,1972-03-17,red,Aries,88,sms,yes,17728.06,Medium
HW1342,41,male,30.0,84.9,4,no,west,5.0,1985-05-14,purple,Aries,69,phone,yes,15647.14,Medium
HW1343,46,male,28.2,81.4,3,no,north,5.0,1980-02-03,blue,Aquarius,24,email,yes,15208.85,Medium
HW1344,63,female,27.4,80.7,1,yes,south,4.0,1963-06-19,blue,Cancer,91,phone,no,50682.89,High
HW1345,48,male,27.5,81.1,0,no,east,4.0,1978-03-12,green,Pisces,48,phone,yes,15766.31,Medium
HW1346,52,male,32.9,92.8,0,no,south,4.0,1974-06-05,blue,Cancer,30,email,yes,43466.12,High
HW1347,50,female,31.5,88.8,2,no,north,2.0,1976-10-09,yellow,Virgo,15,sms,no,15865.04,Medium
HW1348,38,male,28.2,80.8,1,yes,north,4.0,1988-01-13,purple,Virgo,47,phone,yes,19028.22,Medium
HW1349,49,female,19.0,56.0,2,yes,east,5.0,1977-03-19,green,Capricorn,44,phone,yes,17637.95,Medium
HW1350,40,female,31.0,90.9,1,yes,west,4.0,1986-11-16,yellow,Virgo,98,email,no,43965.75,High
HW1351,50,female,32.3,93.6,1,no,north,4.0,1976-06-24,yellow,Aries,27,sms,yes,16222.41,Medium
HW1352,20,male,41.8,119.1,3,no,north,1.0,2006-03-19,yellow,Capricorn,84,sms,no,15492.39,Medium
HW1353,35,male,34.5,103.2,2,yes,north,3.0,1991-06-08,red,Sagittarius,64,email,yes,51772.47,High
HW1354,42,male,16.6,45.8,3,no,east,6.0,1984-06-13,yellow,Aquarius,41,email,yes,8377.14,Low
HW1355,59,female,28.5,85.0,1,no,south,3.0,1967-12-10,red,Libra,96,phone,no,17729.94,Medium
HW1356,48,male,38.9,113.9,0,no,north,3.0,1978-03-04,blue,Libra,68,email,yes,15056.19,Medium
HW1357,20,female,31.7,94.2,1,no,east,4.0,2006-01-13,red,Aquarius,5,email,no,14611.88,Medium
HW1358,57,female,30.0,85.8,3,yes,north,4.0,1969-08-04,yellow,Libra,53,email,yes,44537.1,High
HW1359,63,male,33.4,96.2,2,no,west,3.0,1963-06-11,purple,Taurus,8,sms,yes,42110.36,High
HW1360,41,female,24.3,70.3,2,no,east,4.0,1985-03-11,purple,Taurus,22,email,no,7115.31,Low
HW1361,49,male,30.9,88.3,3,no,north,3.0,1977-12-11,blue,Virgo,7,phone,no,16835.74,Medium
HW1362,64,male,26.5,77.0,2,no,east,4.0,1962-06-12,yellow,Libra,22,phone,yes,16933.62,Medium
HW1363,39,male,27.9,83.8,4,yes,north,4.0,1987-11-09,red,Gemini,46,phone,yes,20642.43,Medium
HW1364,40,male,33.0,92.8,0,no,south,3.0,1986-09-10,purple,Cancer,30,email,yes,15160.38,Medium
HW1365,19,male,22.4,63.4,0,yes,north,5.0,2007-03-03,green,Pisces,16,sms,no,16939.59,Medium
HW1366,44,female,35.7,101.6,0,no,east,3.0,1982-04-23,yellow,Gemini,79,email,no,14766.58,Medium
HW1367,59,female,25.5,73.5,2,no,west,4.0,1967-03-10,yellow,Libra,5,email,yes,16918.35,Medium
HW1368,19,female,29.6,85.3,2,yes,west,3.0,2007-08-11,green,Libra,67,phone,yes,17205.33,Medium
HW1369,43,male,19.6,58.2,1,no,west,6.0,1983-08-06,purple,Cancer,23,email,yes,8858.14,Low
HW1370,34,male,32.3,93.4,1,yes,north,3.0,1992-04-11,green,Libra,61,sms,no,47224.43,High
HW1371,57,male,36.7,106.7,0,no,south,1.0,1969-12-27,blue,Leo,74,phone,yes,9619.35,Low
HW1372,50,female,24.9,72.8,4,no,north,5.0,1976-05-12,red,Aries,5,sms,no,15401.33,Medium
HW1373,26,male,21.3,62.0,1,no,west,5.0,2000-02-13,red,Capricorn,23,sms,no,6459.9,Low
HW1374,60,female,29.7,87.2,1,no,east,4.0,1966-06-03,purple,Cancer,79,sms,yes,16669.42,Medium
HW1375,56,female,36.7,105.8,2,no,west,2.0,1970-06-21,green,Libra,82,email,no,17252.22,Medium
HW1376,46,male,19.3,59.1,4,no,east,6.0,1980-02-14,yellow,Taurus,25,email,no,15195.75,Medium
HW1377,59,male,21.4,66.9,0,no,south,5.0,1967-05-21,yellow,Taurus,8,email,yes,13752.8,Medium
HW1378,43,female,25.3,74.5,1,no,east,,1983-09-27,yellow,Aries,95,email,yes,7705.65,Low
HW1379,52,male,23.1,67.2,4,yes,north,5.0,1974-08-23,blue,Taurus,21,phone,yes,42507.86,High
HW1380,42,female,23.1,68.0,4,no,north,4.0,1984-12-15,blue,Capricorn,2,email,yes,7874.2,Low
HW1381,41,male,16.0,44.0,0,yes,north,5.0,1985-03-26,yellow,Scorpio,22,phone,yes,17320.45,Medium
HW1382,30,male,31.5,91.4,4,no,east,4.0,1996-04-06,purple,Aquarius,72,sms,yes,16232.06,Medium
HW1383,24,female,30.0,85.2,4,yes,north,3.0,2002-03-27,blue,Scorpio,87,phone,yes,38861.42,High
HW1384,53,male,17.8,52.5,4,yes,north,5.0,1973-09-08,blue,Scorpio,96,email,no,44691.37,High
HW1385,62,female,36.7,104.6,1,no,north,3.0,1964-06-20,red,Aries,72,phone,yes,47662.36,High
HW1386,37,male,38.1,109.4,0,no,south,2.0,1989-07-15,red,Aries,68,email,yes,39070.98,High
HW1387,18,female,23.5,64.2,4,no,east,5.0,2008-11-03,purple,Pisces,64,email,yes,7332.08,Low
HW1388,25,female,35.0,98.8,4,yes,east,2.0,2001-10-15,blue,Capricorn,94,phone,yes,45671.67,High
HW1389,63,male,24.6,71.8,1,no,west,5.0,1963-08-16,blue,Cancer,19,phone,yes,9353.85,Low
HW1390,33,female,29.1,82.4,0,no,east,5.0,1993-01-19,green,Virgo,87,sms,yes,7578.92,Low
HW1391,31,male,23.0,68.6,2,no,south,4.0,1995-11-16,purple,Scorpio,82,sms,no,7816.0,Low
HW1392,29,male,41.3,117.4,1,yes,east,2.0,1997-05-05,purple,Taurus,53,sms,yes,49523.61,High
HW1393,40,male,26.2,76.6,0,no,south,5.0,1986-10-14,green,Gemini,93,sms,no,7636.25,Low
HW1394,32,female,28.8,81.7,4,yes,south,4.0,1994-02-26,green,Virgo,87,sms,yes,18457.6,Medium
HW1395,45,female,23.9,69.8,0,no,east,4.0,1981-08-05,red,Capricorn,97,phone,no,14605.54,Medium
HW1396,51,male,39.2,110.2,0,no,west,2.0,1975-07-16,purple,Cancer,52,sms,no,15725.37,Medium
HW1397,19,male,39.3,112.7,0,no,north,3.0,2007-07-14,purple,Pisces,47,phone,no,14233.28,Medium
HW1398,49,female,37.8,107.5,2,no,north,3.0,1977-05-24,green,Taurus,82,sms,yes,18474.29,Medium
HW1399,40,male,33.7,99.2,0,no,east,3.0,1986-09-04,yellow,Libra,54,email,yes,15999.33,Medium
HW1400,39,male,24.3,71.2,2,no,east,5.0,1987-04-16,yellow,Cancer,44,sms,yes,8656.93,Low
HW1401,42,female,33.0,92.9,4,no,south,3.0,1984-08-17,red,Scorpio,97,email,yes,15996.75,Medium
HW1402,39,male,28.0,80.5,2,no,east,5.0,1987-04-06,yellow,Scorpio,7,phone,yes,7956.4,Low
HW1403,39,female,35.9,102.2,4,no,south,3.0,1987-04-06,yellow,Libra,92,sms,yes,16417.12,Medium
HW1404,59,male,34.7,102.2,4,no,west,2.0,1967-05-16,yellow,Capricorn,1,phone,no,44224.92,High
HW1405,23,female,24.1,72.2,2,no,east,5.0,2003-09-16,blue,Sagittarius,63,sms,no,7811.81,Low
HW1406,32,male,33.7,94.5,1,no,north,4.0,1994-10-09,red,Cancer,98,phone,no,14763.64,Medium
HW1407,60,male,32.1,94.4,3,no,north,4.0,1966-04-14,green,Libra,39,sms,yes,44612.43,High
HW1408,54,female,16.0,44.6,0,no,east,6.0,1972-04-12,yellow,Capricorn,19,sms,yes,32724.31,High
HW1409,50,male,32.8,94.3,3,yes,south,3.0,1976-08-10,blue,Capricorn,31,email,no,48045.85,High
HW1410,25,female,25.4,73.5,0,no,north,4.0,2001-04-18,yellow,Pisces,77,phone,yes,5506.12,Low
HW1411,61,male,22.7,69.2,0,no,south,4.0,1965-02-01,blue,Aries,24,phone,yes,15822.01,Medium
HW1412,61,female,22.9,64.2,4,yes,east,5.0,1965-05-16,red,Cancer,69,phone,yes,46695.99,High
HW1413,22,female,27.2,80.3,0,yes,east,4.0,2004-06-25,yellow,Taurus,87,phone,no,16113.31,Medium
HW1414,56,female,30.9,87.0,0,no,north,5.0,1970-05-06,blue,Sagittarius,83,phone,no,14841.37,Medium
HW1415,21,female,19.8,54.7,2,no,east,6.0,2005-06-03,purple,Leo,65,email,yes,6483.42,Low
HW1416,23,male,29.1,84.2,3,no,west,4.0,2003-12-04,purple,Gemini,33,sms,no,7847.31,Low
HW1417,62,male,31.5,91.1,2,yes,west,4.0,1964-01-04,blue,Cancer,59,email,no,51534.96,High
HW1418,49,female,39.2,107.6,0,no,north,2.0,1977-01-21,yellow,Virgo,33,phone,yes,15691.34,Medium
HW1419,47,female,21.5,64.5,4,yes,west,5.0,1979-11-27,yellow,Capricorn,32,phone,yes,42489.63,High
HW1420,64,female,25.9,70.6,2,no,south,4.0,1962-08-24,red,Aries,59,sms,no,17079.58,Medium
HW1421,52,male,29.6,85.3,2,yes,north,4.0,1974-05-26,red,Libra,92,email,no,45109.4,High
HW1422,57,male,34.9,103.5,1,yes,north,3.0,1969-02-12,green,Scorpio,41,sms,yes,54343.75,High
HW1423,33,male,26.2,80.1,0,yes,south,4.0,1993-06-17,red,Libra,12,sms,yes,18080.04,Medium
HW1424,30,male,35.2,101.0,4,no,west,3.0,1996-07-11,yellow,Libra,73,email,yes,16651.85,Medium
HW1425,59,female,16.4,44.5,2,yes,west,6.0,1967-04-05,green,Sagittarius,11,sms,no,17505.96,Medium
HW1426,47,female,20.5,61.8,2,no,west,4.0,1979-06-11,red,Cancer,97,email,no,14369.33,Medium
HW1427,36,female,30.1,88.7,4,no,north,5.0,1990-01-25,blue,Libra,19,email,yes,13557.82,Medium
HW1428,34,male,19.5,55.4,0,no,north,7.0,1992-10-20,purple,Sagittarius,54,phone,yes,6573.29,Low
HW1429,36,male,21.0,59.5,1,no,west,6.0,1990-08-21,red,Leo,57,sms,yes,13237.03,Medium
HW1430,45,male,24.8,70.2,2,no,east,4.0,1981-11-24,red,Taurus,42,phone,yes,8459.82,Low
HW1431,43,female,32.6,93.5,1,yes,west,4.0,1983-01-08,blue,Leo,98,sms,no,46909.49,High
HW1432,54,female,16.6,48.6,3,no,south,7.0,1972-11-13,yellow,Cancer,71,sms,yes,15752.65,Medium
HW1433,43,male,29.0,82.7,0,yes,north,4.0,1983-11-20,blue,Scorpio,31,phone,yes,19315.63,Medium
HW1434,40,female,34.2,98.0,3,yes,south,3.0,1986-02-27,red,Leo,52,phone,no,49607.46,High
HW1435,26,male,26.8,78.7,3,no,south,4.0,2000-06-16,yellow,Sagittarius,2,phone,yes,7823.96,Low
HW1436,29,male,25.8,71.6,3,no,north,5.0,1997-02-05,green,Sagittarius,83,email,no,13712.25,Medium
HW1437,18,female,30.4,87.1,0,no,east,4.0,2008-02-03,red,Gemini,38,sms,no,11301.56,Medium
HW1438,18,male,26.8,74.1,0,no,west,4.0,2008-11-22,blue,Capricorn,32,email,no,6789.66,Low
HW1439,64,female,36.3,105.1,4,no,south,3.0,1962-01-16,green,Virgo,10,sms,yes,51318.86,High
HW1440,51,male,21.3,57.7,1,yes,north,6.0,1975-06-19,purple,Virgo,8,sms,no,41893.15,High
HW1441,49,female,27.7,81.8,1,yes,south,4.0,1977-07-18,green,Cancer,90,email,yes,44334.39,High
HW1442,42,female,29.2,81.8,4,yes,west,4.0,1984-06-08,blue,Aquarius,94,email,no,20972.13,Medium
HW1443,57,female,25.7,70.7,4,yes,east,4.0,1969-01-11,green,Capricorn,75,sms,no,48376.04,High
HW1444,62,male,16.0,45.5,3,no,east,5.0,1964-11-25,blue,Gemini,20,phone,no,15565.15,Medium
HW1445,18,male,27.0,81.5,4,no,east,4.0,2008-05-05,red,Aries,20,phone,yes,7501.23,Low
HW1446,33,female,33.4,97.9,2,yes,north,3.0,1993-12-21,yellow,Pisces,9,phone,yes,48039.97,High
HW1447,56,female,32.7,90.7,1,no,north,3.0,1970-06-02,purple,Libra,72,phone,no,16614.84,Medium
HW1448,22,male,,84.3,4,no,east,4.0,2004-06-14,yellow,Leo,15,sms,yes,15030.38,Medium
HW1449,39,male,21.4,61.1,2,yes,west,5.0,1987-11-04,yellow,Capricorn,98,phone,no,17419.63,Medium
HW1450,46,male,30.4,92.3,2,yes,west,3.0,1980-08-27,yellow,Libra,88,phone,no,46143.92,High
HW1451,20,female,24.6,69.2,2,yes,north,5.0,2006-09-09,blue,Aries,97,phone,no,16515.19,Medium
HW1452,29,male,30.1,85.1,2,yes,east,4.0,1997-08-03,blue,Scorpio,63,sms,no,41551.63,High
HW1453,43,male,28.7,86.0,3,yes,west,4.0,1983-10-16,purple,Gemini,91,email,yes,19818.09,Medium
HW1454,33,female,22.1,64.3,2,no,west,6.0,1993-11-27,blue,Libra,21,phone,no,6672.21,Low
HW1455,54,male,22.6,67.4,3,yes,west,4.0,1972-04-01,blue,Pisces,5,sms,yes,41369.45,High
HW1456,39,male,30.1,85.5,3,no,north,3.0,1987-09-21,blue,Gemini,35,sms,no,17715.39,Medium
HW1457,46,male,26.7,77.0,2,no,east,2.0,1980-06-16,blue,Gemini,85,phone,no,14727.92,Medium
HW1458,31,female,23.0,69.1,1,no,south,4.0,1995-03-16,red,Capricorn,68,email,no,6715.54,Low
HW1459,45,female,22.5,64.7,2,no,east,6.0,1981-11-26,purple,Sagittarius,48,email,no,13997.2,Medium
HW1460,22,female,26.2,78.0,2,yes,east,3.0,2004-08-23,blue,Taurus,80,email,no,15950.44,Medium
HW1461,64,female,37.4,108.9,2,no,north,2.0,1962-01-26,purple,Cancer,95,sms,yes,45567.0,High
HW1462,47,female,24.8,69.6,1,no,west,5.0,1979-12-21,green,Virgo,90,phone,yes,15879.97,Medium
HW1463,63,female,27.9,80.6,0,yes,west,2.0,1963-10-09,red,Gemini,62,phone,no,47749.58,High
HW1464,22,female,28.6,84.6,0,yes,north,4.0,2004-12-27,blue,Pisces,35,sms,yes,17625.47,Medium
HW1465,29,male,21.2,62.6,3,no,north,6.0,1997-12-22,red,Capricorn,70,phone,yes,8294.12,Low
HW1466,33,male,17.4,50.2,3,no,north,7.0,1993-08-26,red,Capricorn,97,phone,no,7616.79,Low
HW1467,43,female,21.8,59.2,1,no,north,5.0,1983-01-10,green,Libra,21,email,no,7474.44,Low
HW1468,43,male,29.5,81.7,4,no,north,3.0,1983-11-07,purple,Libra,80,phone,no,8694.77,Low
HW1469,38,male,28.5,79.2,0,no,south,3.0,1988-03-25,red,Leo,39,phone,no,7787.7,Low
HW1470,56,female,32.2,92.0,3,yes,east,3.0,1970-06-21,yellow,Gemini,34,sms,yes,49777.5,High
HW1471,53,male,28.6,81.9,0,no,east,4.0,1973-08-24,green,Taurus,15,sms,yes,14956.45,Medium
HW1472,50,male,27.3,75.9,1,yes,east,5.0,1976-12-19,yellow,Cancer,6,email,yes,48226.41,High
HW1473,47,male,24.4,72.6,1,yes,west,5.0,1979-02-15,green,Cancer,66,sms,yes,44974.13,High
HW1474,54,male,33.3,93.7,4,no,south,3.0,1972-02-14,yellow,Aquarius,88,email,no,18710.99,Medium
HW1475,40,male,22.5,62.3,4,no,east,5.0,1986-05-10,yellow,Scorpio,56,email,no,8547.71,Low
HW1476,27,female,21.3,61.7,1,no,west,7.0,1999-12-16,red,Scorpio,49,phone,no,6109.14,Low
HW1477,22,female,31.4,92.7,3,no,south,4.0,2004-07-08,red,Leo,92,email,no,14837.2,Medium
HW1478,53,female,20.0,61.9,0,no,south,5.0,1973-10-15,green,Virgo,1,phone,yes,13936.83,Medium
HW1479,51,male,42.5,124.0,2,yes,west,1.0,1975-08-13,purple,Scorpio,65,email,yes,57406.55,High
HW1480,48,female,28.5,85.5,4,yes,south,3.0,1978-12-08,red,Aries,28,sms,no,47759.65,High
HW1481,27,male,30.1,84.6,2,yes,west,2.0,1999-10-12,red,Leo,20,sms,yes,43954.13,High
HW1482,36,male,23.1,71.1,3,no,east,5.0,1990-11-19,blue,Cancer,48,sms,yes,9057.83,Low
HW1483,49,male,26.1,71.7,4,no,west,6.0,1977-11-18,red,Cancer,72,email,no,15461.35,Medium
HW1484,18,male,25.4,72.4,2,no,south,3.0,2008-04-17,purple,Aquarius,65,email,yes,6872.98,Low
HW1485,22,female,24.7,72.5,3,no,east,5.0,2004-03-27,blue,Taurus,90,phone,no,7784.52,Low
HW1486,62,female,31.8,88.7,0,no,east,3.0,1964-09-23,yellow,Capricorn,51,phone,yes,41597.71,High
HW1487,21,male,25.3,71.3,3,yes,north,5.0,2005-07-01,yellow,Aries,43,phone,yes,17335.66,Medium
HW1488,33,female,,96.4,4,yes,north,3.0,1993-07-26,blue,Virgo,49,phone,no,46979.59,High
HW1489,41,male,44.0,126.5,1,no,south,0.0,1985-07-20,blue,Libra,25,email,no,18226.37,Medium
HW1490,33,female,26.2,78.6,0,no,west,4.0,1993-07-08,blue,Leo,74,email,no,6972.82,Low
HW1491,19,female,28.9,83.6,2,no,west,3.0,2007-03-13,green,Scorpio,76,phone,yes,6798.3,Low
HW1492,45,male,30.3,86.6,4,yes,south,5.0,1981-10-18,purple,Sagittarius,41,email,no,49138.07,High
HW1493,49,female,38.9,106.7,1,no,east,3.0,1977-07-21,purple,Aquarius,71,email,yes,17040.93,Medium
HW1494,44,male,27.5,80.4,3,no,south,4.0,1982-05-05,yellow,Aquarius,64,email,no,8535.75,Low
HW1495,37,female,23.0,68.1,1,yes,south,6.0,1989-07-25,yellow,Taurus,61,email,yes,17483.81,Medium
HW1496,41,male,20.4,55.6,4,no,east,,1985-11-24,yellow,Aquarius,12,phone,no,9119.54,Low
HW1497,29,male,27.7,79.9,4,no,west,4.0,1997-06-07,red,Cancer,81,phone,no,8700.39,Low
HW1498,52,female,25.3,73.5,1,no,south,4.0,1974-09-27,yellow,Aquarius,69,email,yes,16160.18,Medium
HW1499,50,female,40.1,117.8,3,yes,west,2.0,1976-06-17,blue,Sagittarius,14,sms,yes,52748.66,High
HW1500,50,male,38.6,110.1,1,no,south,2.0,1976-04-24,yellow,Leo,34,phone,no,18461.21,Medium
HW1501,60,female,21.8,61.3,4,no,east,5.0,1966-07-16,blue,Gemini,48,phone,yes,9052.17,Low
HW1502,54,female,23.7,67.6,4,no,east,5.0,1972-03-10,green,Virgo,61,sms,no,14486.85,Medium
HW1503,29,male,28.4,84.6,2,no,north,4.0,1997-03-27,red,Gemini,81,phone,yes,7550.62,Low
HW1504,20,male,36.4,107.3,2,no,east,3.0,2006-03-17,red,Leo,35,sms,yes,14670.27,Medium
HW1505,18,female,28.3,81.7,0,no,north,4.0,2008-10-17,purple,Gemini,65,sms,no,6806.58,Low
HW1506,50,male,24.1,71.7,4,no,south,5.0,1976-06-17,green,Virgo,59,email,no,16067.37,Medium
HW1507,57,male,27.6,75.0,2,no,west,4.0,1969-05-04,blue,Pisces,36,phone,yes,16345.05,Medium
HW1508,27,male,24.2,71.5,1,yes,east,4.0,1999-05-23,green,Capricorn,79,sms,yes,16292.01,Medium
HW1509,60,female,31.6,89.1,3,no,east,4.0,1966-06-12,red,Leo,19,email,yes,43709.6,High
HW1510,61,female,23.7,72.0,1,yes,east,4.0,1965-09-22,blue,Sagittarius,42,phone,yes,46229.52,High
HW1511,46,male,24.9,69.8,3,no,south,4.0,1980-09-20,green,Gemini,69,email,no,15520.46,Medium
HW1512,30,female,35.0,99.4,2,no,north,1.0,1996-01-17,red,Virgo,19,email,no,13802.91,Medium
HW1513,29,male,,68.8,0,no,south,4.0,1997-10-07,blue,Scorpio,39,sms,yes,7375.92,Low
HW1514,48,female,19.3,57.1,1,no,west,4.0,1978-03-02,blue,Libra,69,phone,no,14438.52,Medium
HW1515,63,male,28.6,81.8,1,no,south,5.0,1963-06-06,red,Virgo,52,email,yes,18312.72,Medium
HW1516,19,male,25.8,75.3,1,yes,west,4.0,2007-07-05,blue,Taurus,12,sms,yes,16355.07,Medium
HW1517,52,female,31.1,90.9,3,no,east,3.0,1974-08-07,red,Libra,83,sms,yes,16830.67,Medium
HW1518,40,male,29.9,87.2,2,no,west,4.0,1986-02-17,yellow,Scorpio,47,email,no,8451.46,Low
HW1519,34,female,27.8,79.5,1,yes,west,5.0,1992-09-21,yellow,Aries,76,email,yes,17203.87,Medium
HW1520,43,female,27.6,80.8,1,yes,north,4.0,1983-12-27,blue,Sagittarius,36,sms,no,20277.88,Medium
HW1521,25,male,23.6,71.0,0,no,west,5.0,2001-05-16,blue,Cancer,63,email,no,7042.06,Low
HW1522,46,male,28.5,79.9,0,no,west,4.0,1980-10-20,red,Scorpio,76,email,yes,16163.47,Medium
HW1523,43,female,33.3,94.6,2,no,south,4.0,1983-02-05,blue,Capricorn,82,phone,no,14576.66,Medium
HW1524,27,male,22.2,64.2,2,no,east,5.0,1999-02-07,purple,Libra,51,sms,yes,7425.79,Low
HW1525,43,male,28.0,78.8,4,yes,south,4.0,1983-11-25,yellow,Capricorn,43,email,yes,11948.73,Low
HW1526,51,male,34.2,95.2,0,no,south,3.0,1975-09-11,blue,Libra,34,sms,no,15752.04,Medium
HW1527,58,male,31.0,91.8,4,no,east,2.0,1968-06-17,blue,Taurus,97,phone,yes,45548.11,High
HW1528,24,male,35.9,99.3,3,no,east,3.0,2002-06-05,green,Aries,49,sms,no,14921.03,Medium
HW1529,21,female,24.6,70.3,4,no,west,6.0,2005-04-16,blue,Cancer,18,sms,no,7432.14,Low
HW1530,62,female,17.0,50.6,1,no,west,5.0,1964-12-22,purple,Pisces,61,sms,no,13754.77,Medium
HW1531,28,male,29.2,84.9,4,no,north,4.0,1998-06-16,yellow,Taurus,57,phone,yes,7878.52,Low
HW1532,46,male,30.2,86.5,2,no,south,3.0,1980-06-02,green,Scorpio,93,phone,no,16727.75,Medium
HW1533,53,male,36.2,102.4,3,yes,east,3.0,1973-07-20,red,Capricorn,5,sms,yes,53482.33,High
HW1534,42,female,35.1,102.1,1,no,west,4.0,1984-12-09,red,Libra,89,sms,yes,15821.53,Medium
HW1535,38,male,31.2,88.2,4,no,east,3.0,1988-10-18,yellow,Scorpio,24,phone,no,15675.65,Medium
HW1536,53,female,,94.7,3,no,west,3.0,1973-05-14,red,Aquarius,93,email,no,9696.32,Low
HW1537,27,female,26.8,77.7,3,yes,north,3.0,1999-04-25,purple,Virgo,64,phone,yes,18928.61,Medium
HW1538,54,female,20.7,60.1,1,no,north,5.0,1972-04-08,blue,Aries,59,sms,no,13540.57,Medium
HW1539,26,male,28.7,81.7,4,yes,east,3.0,2000-08-22,yellow,Pisces,38,email,no,19340.25,Medium
HW1540,41,female,33.9,102.0,3,no,north,3.0,1985-06-16,green,Sagittarius,33,email,no,16079.24,Medium
HW1541,52,male,31.9,92.9,3,no,east,4.0,1974-11-24,blue,Virgo,10,email,yes,16916.03,Medium
HW1542,52,female,33.0,94.8,0,no,west,3.0,1974-12-10,red,Pisces,37,phone,no,14399.0,Medium
HW1543,53,male,25.4,73.9,3,yes,south,5.0,1973-09-21,red,Capricorn,97,phone,yes,45758.41,High
HW1544,35,female,26.4,74.7,0,no,north,4.0,1991-11-17,green,Aries,87,phone,yes,7514.71,Low
HW1545,56,male,30.9,88.5,4,no,west,4.0,1970-01-18,purple,Aries,11,phone,no,17873.58,Medium
HW1546,49,female,24.7,76.2,4,no,south,5.0,1977-10-26,green,Scorpio,24,sms,no,14006.19,Medium
HW1547,41,male,24.9,70.4,4,no,south,3.0,1985-05-04,yellow,Virgo,88,email,yes,9413.17,Low
HW1548,40,male,29.8,86.0,2,no,south,4.0,1986-01-04,green,Scorpio,71,sms,yes,9425.56,Low
HW1549,49,male,32.6,93.3,4,no,west,3.0,1977-04-26,red,Scorpio,21,phone,no,17124.45,Medium
HW1550,54,male,26.8,75.4,3,yes,west,3.0,1972-04-17,purple,Aquarius,20,phone,yes,51039.94,High
HW1551,29,female,21.0,61.5,1,yes,east,5.0,1997-09-19,purple,Scorpio,10,sms,no,15588.4,Medium
HW1552,30,female,23.6,68.3,0,no,south,3.0,1996-04-05,green,Capricorn,89,email,yes,6115.56,Low
HW1553,40,male,29.2,86.2,2,no,south,3.0,1986-07-16,yellow,Libra,47,email,no,8179.33,Low
HW1554,42,female,29.1,85.7,4,no,south,4.0,1984-06-05,red,Libra,47,phone,yes,8958.31,Low
HW1555,52,male,29.4,86.8,4,yes,east,4.0,1974-08-16,blue,Capricorn,15,phone,no,45488.97,High
HW1556,58,male,31.1,88.0,1,yes,south,4.0,1968-01-23,purple,Cancer,44,phone,no,48875.36,High
HW1557,47,female,28.0,82.2,1,no,west,4.0,1979-12-06,green,Sagittarius,62,phone,yes,17446.1,Medium
HW1558,34,male,29.6,86.9,2,yes,south,3.0,1992-11-16,yellow,Pisces,6,email,no,17804.56,Medium
HW1559,37,male,27.7,78.0,0,no,north,4.0,1989-05-16,yellow,Taurus,66,sms,yes,7589.8,Low
HW1560,42,female,34.9,100.2,4,yes,west,3.0,1984-07-19,red,Aquarius,76,email,yes,47800.08,High
HW1561,39,male,36.6,102.9,2,no,east,1.0,1987-01-09,purple,Sagittarius,4,sms,yes,16136.66,Medium
HW1562,30,male,20.9,61.7,3,no,south,5.0,1996-02-13,red,Capricorn,23,phone,yes,7465.33,Low
HW1563,36,male,26.5,77.9,3,yes,north,5.0,1990-10-15,blue,Gemini,13,phone,no,18487.39,Medium
HW1564,53,male,28.2,84.4,2,no,east,5.0,1973-03-24,blue,Taurus,81,sms,yes,16070.33,Medium
HW1565,29,female,26.4,75.8,4,yes,east,5.0,1997-12-10,blue,Cancer,31,phone,yes,18776.89,Medium
HW1566,58,female,38.8,113.0,2,no,west,3.0,1968-09-13,yellow,Leo,16,email,yes,48733.62,High
HW1567,36,female,29.3,86.7,4,no,east,4.0,1990-03-22,purple,Taurus,41,phone,no,8376.01,Low
HW1568,29,male,23.2,65.5,1,no,east,6.0,1997-07-15,red,Aries,90,phone,yes,7248.6,Low
HW1569,26,male,31.6,89.5,2,no,east,5.0,2000-01-14,red,Capricorn,92,phone,no,14674.93,Medium
HW1570,24,female,29.6,84.1,4,no,east,3.0,2002-07-20,blue,Aquarius,1,phone,no,7251.9,Low
HW1571,45,male,29.8,85.4,2,yes,south,4.0,1981-05-08,purple,Leo,12,email,yes,46345.23,High
HW1572,31,male,38.8,110.4,2,yes,south,2.0,1995-04-20,purple,Sagittarius,56,sms,no,20074.02,Medium
HW1573,48,male,30.1,85.6,4,no,south,3.0,1978-08-15,green,Pisces,50,phone,yes,17534.74,Medium
HW1574,36,male,26.2,77.5,4,no,south,5.0,1990-05-13,purple,Pisces,20,phone,no,9444.32,Low
HW1575,64,female,16.3,46.9,0,no,north,6.0,1962-06-27,purple,Leo,66,email,no,13314.64,Medium
HW1576,33,female,27.0,78.6,2,no,south,4.0,1993-05-17,red,Pisces,36,email,yes,8216.0,Low
HW1577,22,female,35.8,102.4,3,no,east,3.0,2004-07-06,purple,Aquarius,79,email,no,13121.46,Medium
HW1578,52,male,27.5,78.2,2,no,south,5.0,1974-02-11,purple,Capricorn,38,phone,yes,16170.61,Medium
HW1579,29,female,16.0,46.8,2,no,south,6.0,1997-07-22,red,Sagittarius,22,sms,no,6637.0,Low
HW1580,42,female,25.0,72.5,4,no,west,5.0,1984-05-08,purple,Pisces,61,email,yes,7852.24,Low
HW1581,38,male,34.0,99.8,2,no,east,3.0,1988-05-27,red,Capricorn,50,email,yes,15084.42,Medium
HW1582,53,male,31.3,93.1,2,yes,south,4.0,1973-02-22,green,Virgo,96,email,yes,47448.7,High
HW1583,40,female,23.0,65.1,3,yes,south,4.0,1986-12-17,yellow,Gemini,59,sms,yes,17159.74,Medium
HW1584,33,female,24.6,72.8,4,yes,south,4.0,1993-05-14,red,Cancer,20,phone,no,15863.4,Medium
HW1585,56,female,25.5,71.5,2,yes,north,4.0,1970-06-15,red,Cancer,36,phone,yes,44841.95,High
HW1586,62,female,24.0,73.5,1,no,south,4.0,1964-07-14,purple,Aries,97,phone,yes,15431.9,Medium
HW1587,59,male,16.0,44.7,0,no,west,5.0,1967-02-01,red,Gemini,15,email,yes,13899.84,Medium
HW1588,56,female,32.6,95.6,3,no,east,3.0,1970-06-03,blue,Gemini,62,phone,yes,17777.14,Medium
HW1589,31,female,35.5,100.4,2,no,east,3.0,1995-05-12,blue,Aries,3,email,no,13190.95,Medium
HW1590,48,male,18.9,54.3,1,no,south,6.0,1978-11-13,green,Sagittarius,93,sms,yes,13419.05,Medium
HW1591,22,female,35.5,105.7,2,yes,south,2.0,2004-02-17,red,Aquarius,91,sms,no,49862.96,High
HW1592,52,male,27.4,77.6,2,yes,south,4.0,1974-01-11,purple,Aries,5,phone,yes,47986.16,High
HW1593,40,male,35.4,106.7,4,yes,east,2.0,1986-04-10,purple,Sagittarius,56,email,yes,51916.43,High
HW1594,46,male,28.2,81.5,4,no,east,4.0,1980-02-17,yellow,Aries,31,email,yes,15231.06,Medium
HW1595,60,female,28.8,85.2,4,yes,north,5.0,1966-06-20,green,Taurus,86,phone,yes,48767.37,High
HW1596,28,female,30.2,88.1,1,yes,west,4.0,1998-10-13,purple,Taurus,35,sms,yes,38310.25,High
HW1597,35,male,23.3,68.3,2,no,north,6.0,1991-12-15,yellow,Virgo,71,sms,yes,8127.47,Low
HW1598,64,female,35.2,98.9,0,no,west,3.0,1962-07-27,purple,Libra,70,sms,no,46560.54,High
HW1599,29,female,21.3,60.6,3,yes,north,,1997-06-21,yellow,Aquarius,26,sms,no,15684.18,Medium
HW1600,26,male,25.6,76.4,4,no,east,4.0,2000-10-13,blue,Aries,1,sms,yes,7486.5,Low
HW1601,27,male,31.1,89.2,4,no,north,3.0,1999-12-12,blue,Gemini,83,phone,yes,14834.17,Medium
HW1602,61,female,24.9,72.2,2,no,west,5.0,1965-12-02,purple,Taurus,7,phone,yes,16014.96,Medium
HW1603,34,male,32.7,91.4,2,no,south,3.0,1992-05-25,green,Scorpio,36,phone,no,14728.45,Medium
HW1604,55,female,36.3,103.8,1,yes,west,4.0,1971-09-02,red,Sagittarius,76,sms,yes,20825.17,Medium
HW1605,24,female,34.1,100.8,1,yes,south,3.0,2002-07-26,green,Taurus,84,sms,no,42776.62,High
HW1606,63,female,16.4,44.8,4,no,east,6.0,1963-04-13,green,Taurus,87,phone,no,15092.87,Medium
HW1607,30,female,28.8,84.7,2,no,west,4.0,1996-03-11,red,Capricorn,25,phone,no,7867.76,Low
HW1608,57,male,,99.2,0,no,north,2.0,1969-01-19,blue,Sagittarius,94,sms,no,9533.81,Low
HW1609,59,male,20.1,57.6,3,no,west,4.0,1967-11-09,blue,Cancer,59,email,no,15492.63,Medium
HW1610,26,male,32.3,92.8,2,no,south,4.0,2000-09-07,red,Leo,61,phone,yes,12800.67,Medium
HW1611,44,male,32.0,91.5,2,no,east,4.0,1982-03-19,yellow,Aquarius,29,sms,no,16820.35,Medium
HW1612,19,female,20.7,59.0,1,no,north,5.0,2007-04-07,green,Sagittarius,95,sms,no,6022.87,Low
HW1613,22,female,33.0,97.2,3,no,west,2.0,2004-07-12,purple,Virgo,18,phone,yes,13537.04,Medium
HW1614,46,male,29.6,84.7,4,yes,south,4.0,1980-02-05,blue,Capricorn,41,email,yes,21127.62,Medium
HW1615,54,female,31.9,95.8,2,no,north,3.0,1972-07-23,purple,Pisces,19,sms,no,15712.57,Medium
HW1616,55,female,22.2,64.8,4,yes,east,5.0,1971-06-26,red,Sagittarius,4,phone,yes,43131.45,High
HW1617,36,female,28.9,82.4,2,yes,north,4.0,1990-10-12,purple,Sagittarius,65,sms,yes,18818.83,Medium
HW1618,25,male,17.8,53.4,4,no,east,6.0,2001-08-19,purple,Libra,41,sms,yes,7018.65,Low
HW1619,62,male,16.0,47.5,3,yes,north,5.0,1964-01-03,green,Pisces,15,sms,no,38417.78,High
HW1620,18,male,28.8,79.9,1,yes,west,4.0,2008-11-18,red,Capricorn,54,sms,no,15566.38,Medium
HW1621,39,female,34.6,97.9,3,yes,south,3.0,1987-02-02,purple,Sagittarius,64,email,yes,49202.32,High
HW1622,34,male,29.5,85.0,0,no,west,4.0,1992-05-01,blue,Leo,72,phone,yes,7786.0,Low
HW1623,24,male,27.6,76.6,1,no,west,4.0,2002-10-20,red,Leo,15,phone,no,7268.09,Low
HW1624,42,male,26.9,81.9,3,no,east,5.0,1984-10-05,blue,Pisces,79,phone,no,8299.19,Low
HW1625,62,male,22.3,66.1,0,yes,east,5.0,1964-02-21,yellow,Scorpio,50,phone,yes,43938.01,High
HW1626,21,male,26.7,77.1,2,no,east,4.0,2005-10-15,purple,Capricorn,22,phone,no,7115.8,Low
HW1627,53,male,30.5,87.5,2,no,west,5.0,1973-04-08,red,Cancer,18,email,no,16084.94,Medium
HW1628,23,female,25.4,72.2,4,no,north,5.0,2003-01-12,blue,Sagittarius,80,sms,yes,7378.23,Low
HW1629,48,female,32.5,90.0,1,no,north,3.0,1978-05-27,purple,Libra,2,sms,yes,15976.79,Medium
HW1630,36,male,29.2,80.9,2,yes,west,3.0,1990-12-26,green,Libra,36,phone,no,20850.91,Medium
HW1631,61,male,29.9,90.2,1,no,west,3.0,1965-01-26,blue,Gemini,20,sms,no,17485.76,Medium
HW1632,56,female,33.3,99.4,2,no,south,4.0,1970-10-04,blue,Cancer,16,sms,no,17685.81,Medium
HW1633,44,female,24.8,70.5,4,no,east,4.0,1982-08-01,yellow,Libra,67,sms,yes,9121.09,Low
HW1634,27,male,32.0,94.3,3,no,east,3.0,1999-11-15,green,Aquarius,30,phone,yes,14037.38,Medium
HW1635,43,male,25.7,75.3,4,no,west,5.0,1983-02-01,yellow,Aquarius,55,phone,yes,8891.6,Low
HW1636,36,male,30.0,87.9,0,no,west,4.0,1990-11-23,green,Leo,66,email,yes,13505.58,Medium
HW1637,56,male,24.1,66.8,2,no,north,5.0,1970-02-01,blue,Pisces,99,phone,no,15144.36,Medium
HW1638,20,female,22.5,61.4,0,no,west,5.0,2006-12-16,yellow,Gemini,26,email,yes,5807.29,Low
HW1639,62,male,28.6,85.0,0,no,north,3.0,1964-06-22,purple,Aries,57,phone,yes,15902.91,Medium
HW1640,30,male,16.7,44.3,1,yes,west,6.0,1996-10-18,green,Libra,69,sms,no,16357.69,Medium
HW1641,45,male,26.2,75.4,2,no,south,5.0,1981-01-10,blue,Virgo,2,email,yes,15480.56,Medium
HW1642,37,male,18.4,52.4,0,no,south,5.0,1989-03-26,red,Capricorn,56,email,no,6504.24,Low
HW1643,45,female,32.7,93.6,3,no,north,4.0,1981-05-16,green,Libra,84,email,yes,15780.13,Medium
HW1644,25,female,34.3,99.8,0,yes,east,3.0,2001-06-03,green,Taurus,62,phone,no,43502.96,High
HW1645,58,female,22.8,64.5,3,no,south,4.0,1968-09-11,purple,Pisces,34,email,no,14188.83,Medium
HW1646,56,male,30.6,89.2,1,no,north,4.0,1970-05-13,green,Cancer,98,phone,no,9113.23,Low
HW1647,18,male,33.4,96.8,0,no,west,3.0,2008-02-26,green,Taurus,56,email,yes,14008.11,Medium
HW1648,20,female,33.4,100.7,4,no,west,2.0,2006-06-24,purple,Scorpio,55,phone,no,14886.52,Medium
HW1649,30,male,29.3,81.9,1,no,north,4.0,1996-11-22,purple,Libra,20,email,yes,7060.86,Low
HW1650,45,male,32.4,93.7,3,yes,east,2.0,1981-04-22,yellow,Aries,50,sms,yes,49659.83,High
HW1651,42,female,24.1,70.5,1,no,north,4.0,1984-08-08,blue,Taurus,25,sms,yes,7036.37,Low
HW1652,50,female,28.5,81.9,0,yes,north,6.0,1976-10-02,blue,Taurus,84,email,yes,44302.33,High
HW1653,55,female,25.2,70.2,2,yes,south,5.0,1971-08-06,yellow,Cancer,25,phone,yes,44654.83,High
HW1654,23,female,23.6,70.7,2,no,north,4.0,2003-02-17,blue,Gemini,53,phone,yes,7106.75,Low
HW1655,61,male,28.2,82.2,3,no,north,5.0,1965-06-13,green,Aries,14,phone,no,17113.87,Medium
HW1656,62,male,30.1,84.5,3,no,west,3.0,1964-07-14,yellow,Pisces,60,sms,no,40720.05,High
HW1657,49,female,35.0,102.0,2,no,south,2.0,1977-10-21,yellow,Taurus,43,sms,yes,15489.45,Medium
HW1658,62,male,29.6,88.9,3,no,west,3.0,1964-10-24,blue,Aquarius,62,sms,yes,17769.19,Medium
HW1659,64,female,31.9,92.1,1,no,west,4.0,1962-11-13,red,Sagittarius,76,phone,yes,41254.16,High
HW1660,38,female,31.9,92.2,4,yes,east,4.0,1988-12-09,blue,Aries,69,phone,yes,46219.35,High
HW1661,33,male,44.1,130.6,4,no,east,1.0,1993-04-07,red,Sagittarius,63,phone,yes,18646.42,Medium
HW1662,38,female,17.1,47.5,1,no,south,4.0,1988-08-22,yellow,Libra,2,email,no,7093.7,Low
HW1663,28,male,23.9,72.5,4,no,south,5.0,1998-02-07,red,Taurus,54,email,no,8706.1,Low
HW1664,54,male,36.8,108.3,0,yes,east,4.0,1972-09-05,green,Taurus,16,email,yes,50047.24,High
HW1665,53,male,25.9,73.0,1,no,east,3.0,1973-02-04,purple,Leo,55,sms,yes,14858.73,Medium
HW1666,52,male,33.3,94.9,3,yes,east,3.0,1974-03-20,red,Leo,94,sms,no,51055.64,High
HW1667,36,female,29.4,83.9,1,yes,east,4.0,1990-10-07,purple,Cancer,43,phone,yes,20148.92,Medium
HW1668,37,male,40.6,113.7,2,no,east,1.0,1989-10-08,green,Pisces,61,email,yes,16207.62,Medium
HW1669,35,female,21.3,62.1,3,no,west,4.0,1991-01-13,purple,Capricorn,38,phone,yes,7571.28,Low
HW1670,64,female,35.3,100.3,2,no,south,3.0,1962-08-21,green,Capricorn,45,email,no,47483.21,High
HW1671,58,female,38.5,111.9,3,no,west,2.0,1968-12-23,purple,Pisces,51,email,no,46634.86,High
HW1672,31,female,21.9,60.7,4,no,west,5.0,1995-11-27,purple,Gemini,42,phone,yes,8071.0,Low
HW1673,32,male,32.7,96.3,1,no,north,3.0,1994-01-02,blue,Cancer,24,phone,no,16487.74,Medium
HW1674,48,male,22.2,65.6,0,no,west,4.0,1978-01-05,red,Capricorn,30,email,no,14321.61,Medium
HW1675,18,female,28.2,80.1,3,yes,east,2.0,2008-06-26,purple,Cancer,37,email,yes,9792.32,Low
HW1676,20,female,26.5,77.3,3,no,east,4.0,2006-09-24,yellow,Taurus,53,sms,no,7404.33,Low
HW1677,33,male,16.0,46.4,2,no,north,7.0,1993-07-21,blue,Leo,63,phone,no,6753.03,Low
HW1678,40,female,30.5,91.1,4,no,north,3.0,1986-03-16,red,Leo,11,phone,no,14156.59,Medium
HW1679,28,male,28.9,81.5,2,no,north,3.0,1998-09-13,blue,Leo,78,phone,no,7963.3,Low
HW1680,29,female,36.9,106.3,2,no,north,3.0,1997-05-03,red,Aquarius,23,phone,no,14434.38,Medium
HW1681,27,male,31.7,90.3,4,no,north,4.0,1999-03-19,green,Aquarius,80,email,no,15918.48,Medium
HW1682,49,female,41.7,120.6,0,no,west,1.0,1977-06-17,purple,Capricorn,50,sms,yes,17443.87,Medium
HW1683,33,female,28.6,83.7,2,yes,north,4.0,1993-11-04,yellow,Aries,85,phone,yes,19315.23,Medium
HW1684,25,male,27.4,77.9,2,no,west,4.0,2001-08-19,blue,Virgo,55,email,yes,7051.26,Low
HW1685,55,female,26.9,77.0,3,no,south,4.0,1971-05-02,blue,Aquarius,55,email,no,16868.38,Medium
HW1686,29,female,25.4,75.3,4,no,north,5.0,1997-02-11,blue,Taurus,4,email,yes,6737.56,Low
HW1687,41,male,16.0,49.0,1,yes,north,7.0,1985-07-10,blue,Libra,97,email,no,16067.35,Medium
HW1688,45,female,26.7,78.2,0,no,west,3.0,1981-03-05,purple,Cancer,54,email,no,14650.01,Medium
HW1689,25,male,16.0,46.0,0,no,south,7.0,2001-03-06,red,Leo,61,phone,yes,5953.85,Low
HW1690,45,male,30.7,88.3,4,no,west,4.0,1981-10-19,purple,Leo,78,phone,no,16135.33,Medium
HW1691,53,female,20.6,60.6,3,no,west,6.0,1973-08-18,green,Leo,83,sms,yes,14739.51,Medium
HW1692,43,female,,65.8,3,no,north,5.0,1983-03-24,purple,Taurus,5,phone,no,8777.88,Low
HW1693,25,female,24.0,66.1,4,no,east,5.0,2001-08-17,purple,Leo,95,email,yes,6555.2,Low
HW1694,45,female,26.8,78.6,3,no,east,5.0,1981-08-10,green,Gemini,18,sms,yes,16122.84,Medium
HW1695,45,female,28.0,79.2,0,no,west,4.0,1981-02-12,purple,Cancer,44,email,yes,15491.71,Medium
HW1696,54,female,34.5,96.9,0,yes,north,2.0,1972-07-06,red,Taurus,31,email,yes,48777.13,High
HW1697,58,female,24.5,67.5,1,no,south,5.0,1968-02-21,yellow,Cancer,94,phone,no,14594.6,Medium
HW1698,53,male,30.9,88.9,4,no,east,3.0,1973-07-24,green,Sagittarius,21,email,yes,17190.83,Medium
HW1699,44,female,44.4,126.3,2,no,south,2.0,1982-03-17,blue,Scorpio,47,phone,no,17127.45,Medium
HW1700,34,male,30.3,82.9,2,yes,east,4.0,1992-07-21,red,Aquarius,30,email,yes,45475.6,High
HW1701,26,female,26.9,77.0,1,no,north,3.0,2000-05-23,yellow,Pisces,55,sms,yes,7175.76,Low
HW1702,50,female,23.3,66.4,1,yes,west,4.0,1976-01-08,red,Gemini,68,email,yes,39347.96,High
HW1703,37,male,26.8,77.2,3,yes,south,4.0,1989-12-14,red,Aries,69,phone,no,18410.68,Medium
HW1704,30,female,22.7,64.3,1,no,south,5.0,1996-10-15,blue,Aries,41,email,yes,6332.69,Low
HW1705,45,female,29.6,89.2,1,no,west,2.0,1981-05-24,yellow,Virgo,45,phone,yes,15096.22,Medium
HW1706,46,male,28.6,83.7,2,no,south,5.0,1980-10-15,red,Gemini,74,phone,no,16403.1,Medium
HW1707,30,female,16.0,45.2,3,no,east,6.0,1996-10-21,blue,Cancer,91,sms,yes,6346.95,Low
HW1708,63,female,27.9,80.5,1,yes,west,4.0,1963-12-07,green,Aries,80,phone,no,49162.5,High
HW1709,52,female,34.5,102.5,1,no,east,3.0,1974-10-03,blue,Scorpio,30,sms,yes,15617.68,Medium
HW1710,23,male,25.6,75.9,3,no,east,5.0,2003-02-06,purple,Aries,77,sms,yes,7901.38,Low
HW1711,35,female,24.1,66.9,4,yes,north,6.0,1991-05-09,blue,Leo,85,email,yes,18107.64,Medium
HW1712,22,female,19.7,55.0,3,no,east,5.0,2004-10-04,blue,Virgo,45,sms,no,6447.23,Low
HW1713,64,female,16.9,47.3,2,no,north,7.0,1962-11-03,blue,Taurus,45,phone,yes,15750.21,Medium
HW1714,42,female,33.0,94.5,4,no,south,3.0,1984-09-24,red,Libra,79,phone,yes,17738.92,Medium
HW1715,19,male,26.9,76.6,0,no,south,4.0,2007-06-17,yellow,Libra,84,sms,yes,5818.21,Low
HW1716,27,male,32.6,94.3,3,no,north,5.0,1999-10-13,blue,Aries,84,email,no,15372.49,Medium
HW1717,47,female,37.2,109.0,2,no,east,3.0,1979-12-27,blue,Cancer,45,sms,no,16920.6,Medium
HW1718,62,female,33.5,98.6,4,no,west,4.0,1964-01-22,purple,Pisces,55,sms,no,45739.19,High
HW1719,22,male,24.7,70.7,3,yes,west,4.0,2004-03-19,purple,Cancer,59,phone,no,16141.34,Medium
HW1720,50,male,28.9,80.3,1,no,north,3.0,1976-06-13,green,Leo,5,email,no,14776.11,Medium
HW1721,18,female,24.3,68.1,3,no,south,5.0,2008-03-13,green,Aries,32,email,no,6471.86,Low
HW1722,35,male,23.8,67.7,0,no,south,6.0,1991-11-26,purple,Aries,6,email,yes,7499.88,Low
HW1723,49,female,30.1,84.5,3,no,west,3.0,1977-06-21,yellow,Libra,94,email,yes,38056.22,High
HW1724,64,male,23.0,68.8,4,no,north,5.0,1962-04-24,green,Sagittarius,26,phone,yes,16629.28,Medium
HW1725,28,male,16.0,43.9,4,no,west,7.0,1998-02-15,yellow,Aries,37,email,yes,7733.74,Low
HW1726,38,male,22.7,66.8,3,yes,east,5.0,1988-12-27,purple,Taurus,13,email,yes,20439.93,Medium
HW1727,43,male,26.2,72.4,4,no,east,5.0,1983-07-20,green,Virgo,93,email,no,9417.64,Low
HW1728,42,female,37.1,108.5,1,no,north,3.0,1984-02-23,blue,Virgo,69,phone,no,16741.46,Medium
HW1729,39,male,25.1,72.3,3,yes,north,4.0,1987-01-04,purple,Taurus,25,phone,no,18959.33,Medium
HW1730,44,male,31.1,92.9,1,no,east,4.0,1982-09-14,green,Sagittarius,13,email,yes,14776.46,Medium
HW1731,30,female,27.0,75.8,1,no,south,5.0,1996-04-13,yellow,Cancer,88,phone,no,7063.32,Low
HW1732,50,male,35.4,101.2,2,no,north,2.0,1976-03-26,yellow,Libra,95,sms,yes,17169.89,Medium
HW1733,51,male,34.9,100.1,3,yes,east,3.0,1975-10-18,green,Virgo,20,email,no,49486.75,High
HW1734,58,female,35.1,101.1,4,yes,east,2.0,1968-03-01,yellow,Aquarius,72,phone,yes,54302.22,High
HW1735,52,male,17.6,50.2,1,no,south,5.0,1974-10-24,green,Aquarius,60,email,no,15275.51,Medium
HW1736,18,female,29.2,83.7,2,yes,south,,2008-01-03,green,Gemini,73,email,yes,17176.18,Medium
HW1737,38,female,32.6,93.5,3,no,south,3.0,1988-03-13,yellow,Scorpio,21,phone,no,16353.67,Medium
HW1738,23,female,30.3,83.4,3,no,south,3.0,2003-02-14,red,Libra,61,sms,yes,14626.59,Medium
HW1739,45,female,31.8,93.9,0,yes,west,3.0,1981-05-26,blue,Sagittarius,84,email,no,44357.63,High
HW1740,34,male,28.4,87.8,0,yes,south,4.0,1992-03-19,purple,Gemini,79,sms,yes,16777.97,Medium
HW1741,22,female,23.5,68.5,1,no,west,4.0,2004-08-04,blue,Aries,26,phone,yes,6225.44,Low
HW1742,48,male,17.8,49.2,0,no,north,4.0,1978-04-19,purple,Taurus,54,email,yes,13350.29,Medium
HW1743,22,male,24.1,67.6,1,no,east,4.0,2004-11-01,purple,Pisces,42,phone,yes,6359.74,Low
HW1744,55,male,44.1,128.7,4,no,west,2.0,1971-08-15,blue,Aquarius,11,phone,no,21143.0,Medium
HW1745,20,male,25.1,73.3,1,no,north,5.0,2006-01-07,green,Pisces,37,phone,no,7734.96,Low
HW1746,40,male,16.2,46.2,0,no,north,5.0,1986-05-20,yellow,Aries,11,phone,no,7176.64,Low
HW1747,54,male,32.4,95.1,4,no,west,4.0,1972-04-24,red,Aquarius,27,email,yes,16778.38,Medium
HW1748,54,male,33.1,91.5,0,no,north,3.0,1972-11-27,red,Leo,94,sms,no,17025.67,Medium
HW1749,27,male,35.7,104.7,1,no,north,3.0,1999-06-16,red,Capricorn,83,sms,yes,13904.55,Medium
HW1750,27,male,30.8,89.5,2,no,west,3.0,1999-12-17,blue,Taurus,34,email,no,15237.78,Medium
HW1751,36,male,33.1,93.7,3,yes,north,3.0,1990-10-24,blue,Gemini,38,email,yes,47138.42,High
HW1752,34,female,39.0,109.8,0,no,south,2.0,1992-02-22,green,Scorpio,61,sms,no,15904.53,Medium
HW1753,38,female,23.5,68.2,1,yes,south,5.0,1988-09-17,red,Capricorn,87,sms,yes,18451.71,Medium
HW1754,31,female,22.3,67.3,4,yes,east,5.0,1995-06-08,green,Leo,53,email,yes,18143.16,Medium
HW1755,26,male,21.4,61.4,0,no,north,6.0,2000-10-13,red,Cancer,65,phone,no,7475.38,Low
HW1756,63,female,26.4,74.6,0,no,east,5.0,1963-02-05,blue,Leo,3,email,no,15897.45,Medium
HW1757,18,female,36.6,106.2,3,no,south,1.0,2008-06-21,yellow,Capricorn,67,sms,no,13745.12,Medium
HW1758,62,female,31.2,93.8,1,no,south,5.0,1964-03-04,yellow,Virgo,28,phone,yes,37776.06,High
HW1759,30,male,30.9,90.2,2,no,south,4.0,1996-07-04,yellow,Pisces,14,sms,yes,12456.43,Medium
HW1760,21,male,17.1,50.5,4,yes,north,6.0,2005-09-11,yellow,Libra,52,phone,yes,16859.83,Medium
HW1761,18,male,23.8,71.2,1,no,north,4.0,2008-12-14,purple,Sagittarius,30,sms,no,6551.27,Low
HW1762,57,male,17.0,50.1,4,no,south,7.0,1969-10-18,red,Aries,58,phone,yes,14441.14,Medium
HW1763,49,female,35.0,99.6,0,no,east,2.0,1977-05-08,yellow,Cancer,54,email,no,14952.49,Medium
HW1764,51,female,37.5,104.9,3,no,east,3.0,1975-05-26,purple,Pisces,69,email,yes,18161.86,Medium
HW1765,45,female,32.7,92.7,3,yes,west,2.0,1981-12-24,purple,Pisces,15,phone,no,46534.64,High
HW1766,48,female,22.1,61.7,2,no,south,5.0,1978-08-25,purple,Sagittarius,38,phone,yes,15605.59,Medium
HW1767,25,male,36.9,108.0,3,no,east,2.0,2001-10-06,green,Leo,78,email,yes,17532.89,Medium
HW1768,56,male,26.5,78.2,0,no,south,4.0,1970-12-04,green,Scorpio,14,email,no,14779.97,Medium
HW1769,43,male,20.7,60.2,2,no,east,6.0,1983-12-11,purple,Pisces,57,phone,yes,8437.42,Low
HW1770,51,female,22.2,61.6,1,no,west,,1975-03-12,yellow,Aries,59,phone,yes,14537.02,Medium
HW1771,20,male,25.4,77.0,3,no,west,5.0,2006-05-06,red,Cancer,8,email,no,6937.56,Low
HW1772,29,male,28.3,81.0,2,no,south,5.0,1997-03-18,blue,Pisces,72,sms,yes,7462.11,Low
HW1773,18,female,27.0,79.2,0,no,east,4.0,2008-07-11,green,Pisces,19,email,no,6184.83,Low
HW1774,61,female,19.5,56.5,4,yes,north,6.0,1965-05-09,yellow,Sagittarius,32,phone,no,41215.9,High
HW1775,22,male,35.3,102.4,4,yes,west,2.0,2004-03-08,yellow,Aries,95,phone,yes,48789.26,High
HW1776,47,male,27.1,79.5,0,no,south,4.0,1979-06-04,blue,Aries,29,sms,yes,14621.5,Medium
HW1777,47,male,23.7,67.1,0,yes,south,6.0,1979-12-12,blue,Cancer,41,email,yes,40017.87,High
HW1778,34,male,34.7,102.9,4,yes,east,3.0,1992-09-21,yellow,Gemini,75,phone,no,48554.82,High
HW1779,64,male,20.9,57.2,2,no,south,4.0,1962-10-22,blue,Libra,45,email,yes,16361.78,Medium
HW1780,40,male,18.2,50.5,4,no,west,7.0,1986-09-07,yellow,Aquarius,13,phone,no,7930.0,Low
HW1781,32,female,35.6,105.5,0,no,south,3.0,1994-12-05,blue,Gemini,27,sms,yes,12654.22,Medium
HW1782,54,female,39.3,114.8,3,yes,south,3.0,1972-02-04,blue,Aries,19,email,yes,54532.46,High
HW1783,38,female,25.2,77.9,1,yes,north,4.0,1988-02-03,yellow,Pisces,26,email,no,16850.7,Medium
HW1784,31,male,27.7,80.2,3,yes,north,4.0,1995-10-12,purple,Aquarius,53,sms,yes,18116.63,Medium
HW1785,19,female,21.1,64.4,3,no,west,5.0,2007-03-04,yellow,Capricorn,51,phone,yes,6789.1,Low
HW1786,28,male,28.0,77.2,0,no,east,3.0,1998-06-12,red,Taurus,37,phone,yes,7055.45,Low
HW1787,56,male,25.1,69.7,4,no,north,4.0,1970-03-10,blue,Capricorn,9,email,yes,16411.0,Medium
HW1788,55,female,27.4,81.0,2,yes,east,3.0,1971-01-17,green,Cancer,92,sms,yes,48875.49,High
HW1789,51,male,30.5,84.7,3,no,west,3.0,1975-09-25,blue,Aries,96,email,no,16418.17,Medium
HW1790,55,male,21.4,61.5,4,no,north,6.0,1971-05-09,red,Aries,52,email,yes,17596.18,Medium
HW1791,51,female,25.8,76.9,2,no,east,4.0,1975-11-23,green,Pisces,54,phone,no,15754.92,Medium
HW1792,35,female,17.2,50.7,3,no,north,7.0,1991-09-12,green,Scorpio,3,phone,yes,6806.88,Low
HW1793,47,female,25.9,74.9,2,no,west,3.0,1979-07-09,yellow,Libra,96,phone,yes,14298.28,Medium
HW1794,32,male,27.4,78.3,4,yes,west,4.0,1994-02-11,purple,Scorpio,69,phone,no,18035.62,Medium
HW1795,44,female,29.4,85.4,1,yes,north,3.0,1982-11-08,yellow,Cancer,8,phone,yes,19845.71,Medium
HW1796,51,female,29.4,86.1,4,no,east,4.0,1975-07-06,green,Virgo,14,sms,yes,17529.06,Medium
HW1797,55,male,33.4,95.2,0,yes,south,4.0,1971-05-20,green,Gemini,3,email,no,49214.89,High
HW1798,50,female,18.8,55.1,2,yes,south,5.0,1976-07-03,purple,Aquarius,24,sms,no,36369.49,High
HW1799,41,female,19.1,57.4,1,yes,north,5.0,1985-08-18,blue,Scorpio,13,email,yes,17457.42,Medium
HW1800,32,female,31.2,89.7,2,yes,east,4.0,1994-01-11,purple,Cancer,43,phone,no,42808.43,High
HW1801,47,male,16.0,46.4,2,no,south,6.0,1979-02-25,yellow,Gemini,29,sms,no,12805.4,Medium
HW1802,59,male,29.1,85.1,3,no,west,4.0,1967-05-27,blue,Cancer,72,email,no,17523.37,Medium
HW1803,34,male,20.9,61.5,0,no,east,5.0,1992-08-19,yellow,Virgo,51,phone,no,7666.39,Low
HW1804,22,male,37.4,109.8,2,no,south,2.0,2004-07-18,purple,Aquarius,42,phone,yes,15587.55,Medium
HW1805,46,female,29.5,83.2,4,no,east,5.0,1980-08-14,blue,Libra,31,sms,yes,9313.28,Low
HW1806,21,male,26.7,76.1,4,no,north,3.0,2005-07-21,purple,Libra,63,sms,no,7725.24,Low
HW1807,27,male,35.4,101.3,3,no,east,2.0,1999-12-27,red,Pisces,26,sms,yes,14148.61,Medium
HW1808,34,female,21.6,60.6,0,no,south,4.0,1992-04-17,green,Cancer,18,phone,no,6924.57,Low
HW1809,27,female,22.8,62.3,0,yes,north,5.0,1999-05-12,blue,Scorpio,82,email,yes,16814.96,Medium
HW1810,34,female,20.4,52.4,4,no,east,6.0,1992-09-26,green,Libra,57,email,yes,7404.21,Low
HW1811,37,male,22.8,68.3,1,no,west,5.0,1989-04-13,red,Taurus,7,sms,no,7529.14,Low
HW1812,41,male,,79.0,3,no,south,3.0,1985-09-18,blue,Scorpio,48,email,no,16406.05,Medium
HW1813,22,male,31.0,92.7,3,no,north,3.0,2004-04-09,green,Sagittarius,80,phone,yes,13716.77,Medium
HW1814,51,female,33.8,99.2,4,no,east,3.0,1975-04-21,green,Leo,60,email,yes,16885.5,Medium
HW1815,23,female,17.1,48.6,4,no,west,6.0,2003-11-08,blue,Cancer,33,phone,yes,6708.22,Low
HW1816,19,male,27.0,79.3,1,yes,south,5.0,2007-01-17,green,Cancer,3,sms,no,17564.0,Medium
HW1817,30,female,21.4,62.7,1,no,west,5.0,1996-09-09,green,Cancer,4,email,yes,6894.0,Low
HW1818,60,female,26.8,75.2,0,no,east,5.0,1966-04-13,blue,Virgo,4,phone,no,15721.34,Medium
HW1819,60,female,42.0,121.4,3,no,east,1.0,1966-02-13,green,Aquarius,42,sms,no,51932.16,High
HW1820,28,male,29.8,84.2,3,yes,north,3.0,1998-09-20,green,Cancer,9,sms,no,18555.43,Medium
HW1821,64,female,33.4,97.8,4,no,west,3.0,1962-06-01,yellow,Libra,51,sms,yes,43159.04,High
HW1822,40,female,39.8,113.6,0,no,north,2.0,1986-12-25,yellow,Libra,17,sms,no,16883.89,Medium
HW1823,33,male,34.8,100.4,3,yes,south,4.0,1993-05-03,red,Leo,17,email,yes,48505.68,High
HW1824,48,male,25.3,72.8,0,no,north,4.0,1978-04-01,yellow,Leo,97,phone,no,14083.68,Medium
HW1825,28,female,20.3,58.9,0,yes,south,4.0,1998-09-24,yellow,Capricorn,20,email,yes,15490.12,Medium
HW1826,33,female,27.8,83.7,4,no,east,5.0,1993-04-18,red,Scorpio,14,phone,yes,7630.73,Low
HW1827,25,male,24.6,70.6,0,no,east,4.0,2001-09-04,green,Libra,22,sms,no,6972.26,Low
HW1828,21,male,18.9,57.1,1,no,west,6.0,2005-09-10,green,Libra,52,email,no,5764.36,Low
HW1829,57,female,29.4,85.9,1,yes,south,4.0,1969-03-23,yellow,Virgo,27,sms,yes,48667.65,High
HW1830,21,female,29.6,88.4,2,no,east,4.0,2005-07-10,red,Libra,43,phone,yes,6892.92,Low
HW1831,42,female,38.6,110.9,4,yes,west,2.0,1984-04-18,green,Libra,3,sms,no,49560.74,High
HW1832,20,female,25.8,76.0,2,yes,west,5.0,2006-11-25,purple,Capricorn,88,email,no,17631.52,Medium
HW1833,49,male,29.7,85.7,1,yes,north,1.0,1977-04-24,blue,Taurus,94,email,yes,50876.51,High
HW1834,20,female,24.0,63.4,2,yes,west,5.0,2006-02-08,blue,Capricorn,8,phone,yes,16713.59,Medium
HW1835,44,female,33.2,93.8,4,no,east,2.0,1982-11-10,blue,Taurus,86,phone,no,16099.12,Medium
HW1836,46,male,27.3,80.1,4,yes,north,4.0,1980-05-23,yellow,Capricorn,89,email,yes,44456.88,High
HW1837,49,female,21.0,61.7,0,no,south,5.0,1977-07-12,blue,Libra,10,email,no,13670.65,Medium
HW1838,36,male,27.9,78.0,3,no,south,5.0,1990-09-03,blue,Capricorn,29,email,no,8828.53,Low
HW1839,38,female,30.3,88.0,0,no,east,4.0,1988-10-04,purple,Libra,40,email,no,14070.2,Medium
HW1840,22,female,29.5,86.3,4,no,east,3.0,2004-10-04,green,Libra,65,phone,no,8082.95,Low
HW1841,35,male,,99.1,1,no,north,2.0,1991-10-21,purple,Leo,21,email,yes,16661.5,Medium
HW1842,45,male,19.3,57.2,1,no,north,5.0,1981-06-16,yellow,Aries,24,phone,no,12415.28,Medium
HW1843,59,female,22.9,67.4,0,yes,east,3.0,1967-03-20,blue,Taurus,73,email,no,43624.29,High
HW1844,39,female,31.8,91.8,4,no,east,3.0,1987-03-18,green,Sagittarius,60,email,yes,13916.0,Medium
HW1845,38,female,23.6,67.2,1,yes,south,5.0,1988-10-12,blue,Scorpio,26,sms,yes,16925.36,Medium
HW1846,23,male,29.4,87.1,4,yes,south,3.0,2003-09-16,blue,Scorpio,9,sms,no,19324.88,Medium
HW1847,18,female,16.0,47.2,1,yes,south,6.0,2008-01-16,yellow,Capricorn,20,email,no,14347.88,Medium
HW1848,22,male,44.3,125.3,4,no,east,1.0,2004-02-24,blue,Aries,56,phone,no,15314.19,Medium
HW1849,58,male,26.4,76.7,2,yes,west,4.0,1968-07-01,red,Virgo,99,email,no,48769.84,High
HW1850,29,female,35.2,99.4,4,no,east,1.0,1997-05-10,green,Sagittarius,36,sms,no,14802.09,Medium
HW1851,43,male,26.0,73.2,4,yes,east,3.0,1983-06-21,green,Scorpio,36,email,no,20730.8,Medium
HW1852,63,female,30.5,86.8,0,no,south,4.0,1963-04-14,red,Gemini,73,sms,yes,41717.83,High
HW1853,51,female,37.0,107.0,2,yes,east,3.0,1975-01-16,yellow,Cancer,22,email,yes,50240.37,High
HW1854,31,female,35.0,101.9,3,yes,north,2.0,1995-07-09,blue,Gemini,1,email,no,48704.03,High
HW1855,43,female,26.8,76.6,0,no,east,4.0,1983-06-16,blue,Virgo,69,phone,yes,7867.38,Low
HW1856,62,female,27.2,77.9,3,yes,east,5.0,1964-03-15,green,Sagittarius,73,sms,yes,48275.09,High
HW1857,44,male,34.0,97.3,1,no,east,2.0,1982-10-14,yellow,Scorpio,37,sms,no,15678.66,Medium
HW1858,26,male,42.0,123.5,3,no,east,2.0,2000-04-10,yellow,Capricorn,83,sms,yes,15437.55,Medium
HW1859,43,female,29.2,78.7,4,yes,west,5.0,1983-05-12,yellow,Cancer,72,phone,yes,19664.19,Medium
HW1860,64,female,39.7,114.1,3,no,east,2.0,1962-12-01,blue,Taurus,96,email,no,47672.19,High
HW1861,39,male,26.6,80.0,0,yes,north,4.0,1987-05-17,yellow,Scorpio,13,phone,no,19259.46,Medium
HW1862,64,male,33.7,98.4,0,no,north,3.0,1962-09-23,red,Scorpio,84,email,no,40796.83,High
HW1863,47,male,34.6,102.5,3,yes,east,4.0,1979-03-25,purple,Pisces,43,phone,yes,53267.29,High
HW1864,60,male,25.5,69.6,0,no,south,5.0,1966-02-07,yellow,Aquarius,37,phone,no,17163.04,Medium
HW1865,34,female,23.5,65.4,0,yes,west,5.0,1992-09-22,purple,Virgo,94,sms,yes,16383.1,Medium
HW1866,43,female,34.9,101.9,3,no,east,2.0,1983-10-21,blue,Scorpio,74,phone,no,17528.42,Medium
HW1867,53,male,24.8,74.8,2,no,east,5.0,1973-12-07,yellow,Sagittarius,95,email,no,14693.98,Medium
HW1868,18,female,22.6,63.0,2,no,east,5.0,2008-06-21,green,Aries,25,phone,no,6895.21,Low
HW1869,25,male,23.9,68.3,1,no,south,4.0,2001-02-08,blue,Sagittarius,93,phone,no,6693.15,Low
HW1870,52,female,24.8,72.5,0,no,south,5.0,1974-07-06,red,Taurus,88,email,yes,15334.09,Medium
HW1871,32,male,33.1,92.8,3,no,south,3.0,1994-05-05,red,Aries,21,sms,yes,14104.35,Medium
HW1872,64,female,31.1,90.9,0,yes,west,4.0,1962-09-01,purple,Scorpio,41,email,no,51324.13,High
HW1873,39,male,32.3,88.0,4,yes,north,3.0,1987-09-06,purple,Scorpio,73,email,yes,50424.45,High
HW1874,31,male,30.5,89.1,0,yes,west,3.0,1995-04-26,green,Aquarius,42,email,no,40769.77,High
HW1875,43,female,24.4,68.5,0,no,south,4.0,1983-07-09,green,Cancer,42,phone,no,8322.77,Low
HW1876,45,male,32.2,92.2,2,no,north,3.0,1981-05-14,red,Scorpio,2,phone,yes,17087.65,Medium
HW1877,40,female,35.1,102.7,3,no,north,3.0,1986-05-08,yellow,Libra,68,email,yes,14219.81,Medium
HW1878,31,female,31.5,91.9,0,yes,south,3.0,1995-07-13,red,Taurus,8,email,no,42483.07,High
HW1879,41,male,30.7,88.7,2,no,south,3.0,1985-08-11,red,Leo,96,sms,no,16454.84,Medium
HW1880,19,female,23.4,69.6,1,yes,west,6.0,2007-12-26,green,Capricorn,61,phone,no,16467.8,Medium
HW1881,62,female,29.3,81.3,2,no,south,3.0,1964-02-25,purple,Cancer,14,phone,yes,16864.61,Medium
HW1882,43,female,23.1,67.2,2,no,north,6.0,1983-03-06,green,Gemini,77,phone,no,8345.58,Low
HW1883,31,female,27.9,79.1,2,no,east,3.0,1995-06-02,green,Aries,21,phone,no,7198.69,Low
HW1884,24,female,18.2,54.4,0,no,south,6.0,2002-12-13,green,Leo,24,email,no,5917.31,Low
HW1885,20,male,18.2,54.0,0,no,south,5.0,2006-07-25,red,Capricorn,50,email,no,5675.49,Low
HW1886,64,female,26.9,79.2,1,yes,west,4.0,1962-12-26,yellow,Scorpio,82,sms,no,47387.66,High
HW1887,40,female,24.7,74.7,4,no,west,5.0,1986-11-01,red,Pisces,45,phone,no,8826.46,Low
HW1888,63,female,28.6,84.9,4,yes,south,4.0,1963-08-02,blue,Sagittarius,64,phone,yes,50966.81,High
HW1889,60,female,27.2,78.3,4,no,north,4.0,1966-01-08,green,Libra,64,email,no,16996.6,Medium
HW1890,64,female,28.2,81.5,1,no,north,3.0,1962-02-06,green,Pisces,26,sms,no,17346.72,Medium
HW1891,62,male,31.7,92.8,4,yes,east,2.0,1964-06-05,blue,Aquarius,32,email,yes,23775.36,Medium
HW1892,35,female,25.2,73.1,4,yes,south,5.0,1991-08-19,green,Aries,57,phone,yes,20178.59,Medium
HW1893,55,male,26.7,78.6,2,no,west,3.0,1971-10-20,green,Aries,53,phone,no,17181.72,Medium
HW1894,52,male,36.7,101.6,0,no,north,3.0,1974-07-16,green,Aries,33,sms,yes,17636.78,Medium
HW1895,32,male,28.0,84.7,0,no,east,4.0,1994-07-16,blue,Taurus,52,email,no,7980.34,Low
HW1896,42,male,26.9,77.9,2,yes,south,4.0,1984-12-14,red,Aries,95,phone,yes,19651.2,Medium
HW1897,54,female,28.5,79.1,2,yes,north,3.0,1972-08-18,green,Cancer,18,phone,yes,46281.09,High
HW1898,45,male,27.0,76.2,2,no,south,5.0,1981-11-18,yellow,Capricorn,35,sms,no,16015.85,Medium
HW1899,27,male,23.7,64.2,0,no,south,4.0,1999-04-16,blue,Sagittarius,12,phone,yes,7256.71,Low
HW1900,56,female,22.0,61.4,4,yes,north,4.0,1970-10-09,purple,Pisces,51,phone,no,44465.52,High
HW1901,34,female,23.4,67.3,2,no,north,5.0,1992-10-09,blue,Cancer,89,email,yes,7324.43,Low
HW1902,56,female,33.2,99.0,1,yes,north,4.0,1970-04-09,red,Cancer,95,sms,no,49269.9,High
HW1903,39,male,24.2,70.8,2,no,south,4.0,1987-03-12,blue,Libra,10,sms,yes,7992.08,Low
HW1904,43,female,27.1,78.8,3,no,south,5.0,1983-05-26,purple,Aquarius,52,sms,no,9063.07,Low
HW1905,61,female,32.2,90.8,2,no,east,3.0,1965-09-06,yellow,Sagittarius,34,email,no,44641.17,High
HW1906,42,male,26.3,74.4,0,no,west,4.0,1984-03-26,purple,Libra,67,sms,no,8534.98,Low
HW1907,34,female,31.8,90.4,2,no,south,3.0,1992-09-22,blue,Aries,39,phone,no,13607.33,Medium
HW1908,30,female,18.8,52.9,3,yes,west,6.0,1996-04-16,purple,Aries,8,sms,yes,16310.64,Medium
HW1909,37,female,27.2,77.9,1,yes,north,4.0,1989-04-24,blue,Cancer,96,phone,no,17979.35,Medium
HW1910,42,female,28.5,81.8,4,no,south,3.0,1984-07-17,yellow,Cancer,29,sms,yes,8527.23,Low
HW1911,21,male,28.1,80.5,2,no,east,4.0,2005-06-08,yellow,Aries,22,sms,yes,8246.17,Low
HW1912,27,female,18.1,51.0,3,no,east,4.0,1999-03-25,red,Virgo,84,email,no,6998.21,Low
HW1913,20,female,35.2,102.0,3,no,west,3.0,2006-10-02,yellow,Capricorn,70,sms,no,14431.75,Medium
HW1914,58,male,22.9,65.6,1,no,north,5.0,1968-06-12,green,Taurus,61,sms,yes,15012.67,Medium
HW1915,62,female,30.0,83.5,0,yes,west,2.0,1964-01-27,purple,Aquarius,43,email,yes,49831.77,High
HW1916,35,male,28.0,81.0,2,no,north,3.0,1991-02-16,purple,Leo,49,phone,yes,9226.19,Low
HW1917,64,female,34.0,98.0,3,no,east,3.0,1962-05-17,blue,Scorpio,29,sms,no,44905.71,High
HW1918,53,male,41.1,115.6,1,no,west,1.0,1973-08-01,yellow,Gemini,81,sms,no,18022.84,Medium
HW1919,64,male,20.3,57.5,4,no,east,6.0,1962-09-26,red,Sagittarius,31,phone,yes,16352.47,Medium
HW1920,39,male,24.1,70.8,3,yes,east,5.0,1987-11-03,red,Libra,53,email,yes,18653.15,Medium
HW1921,51,male,29.1,81.8,1,no,north,4.0,1975-12-02,red,Sagittarius,34,sms,yes,15880.42,Medium
HW1922,64,female,21.4,59.4,0,no,west,3.0,1962-01-09,green,Aries,38,email,no,14381.67,Medium
HW1923,25,male,32.7,93.9,0,no,west,3.0,2001-04-12,yellow,Leo,57,phone,yes,34109.21,High
HW1924,57,female,33.1,96.9,3,yes,east,3.0,1969-01-01,red,Pisces,4,phone,yes,50806.77,High
HW1925,61,male,31.4,94.4,3,yes,east,3.0,1965-07-18,green,Gemini,2,email,yes,51345.98,High
HW1926,36,male,29.4,86.3,2,yes,north,3.0,1990-07-23,purple,Cancer,12,phone,yes,19066.2,Medium
HW1927,59,male,36.2,106.8,1,yes,south,2.0,1967-10-25,blue,Cancer,35,phone,no,55562.56,High
HW1928,58,female,21.1,61.7,3,no,south,5.0,1968-07-16,yellow,Aquarius,70,sms,yes,15581.94,Medium
HW1929,54,male,28.4,80.7,2,no,east,4.0,1972-01-12,yellow,Pisces,72,email,no,17010.21,Medium
HW1930,23,female,23.6,69.5,2,no,south,5.0,2003-08-24,purple,Libra,21,sms,no,7114.06,Low
HW1931,43,female,33.3,96.1,3,no,south,3.0,1983-04-13,yellow,Capricorn,61,email,yes,9041.09,Low
HW1932,51,female,17.0,49.9,0,no,south,7.0,1975-08-20,yellow,Aquarius,35,sms,no,13101.79,Medium
HW1933,62,female,27.8,78.4,1,yes,south,5.0,1964-08-21,yellow,Scorpio,48,phone,yes,45801.7,High
HW1934,23,female,30.0,87.6,1,no,east,4.0,2003-04-22,yellow,Aquarius,15,email,yes,13475.38,Medium
HW1935,54,female,22.3,64.2,0,no,south,5.0,1972-02-18,green,Capricorn,71,email,yes,13844.02,Medium
HW1936,50,female,24.2,70.4,3,yes,south,6.0,1976-02-25,green,Leo,15,email,yes,42578.45,High
HW1937,39,female,28.1,81.0,1,yes,north,5.0,1987-10-19,blue,Pisces,6,email,yes,19734.77,Medium
HW1938,38,female,33.7,96.8,3,no,east,2.0,1988-10-20,yellow,Capricorn,81,phone,no,14376.98,Medium
HW1939,23,male,21.8,64.0,3,no,west,6.0,2003-10-24,purple,Libra,68,phone,no,8047.58,Low
HW1940,23,male,22.8,65.1,2,no,west,5.0,2003-04-11,red,Gemini,22,phone,yes,7841.97,Low
HW1941,21,male,34.8,97.4,0,yes,north,2.0,2005-10-10,blue,Gemini,32,sms,no,43909.97,High
HW1942,47,male,26.4,72.5,3,no,north,3.0,1979-07-05,red,Gemini,22,phone,yes,17223.68,Medium
HW1943,28,male,23.3,67.7,4,no,east,5.0,1998-09-20,red,Pisces,27,sms,no,7544.25,Low
HW1944,47,female,32.4,92.7,0,yes,west,3.0,1979-03-13,yellow,Cancer,15,sms,no,48779.36,High
HW1945,48,female,25.1,69.1,1,no,south,6.0,1978-02-17,purple,Virgo,44,phone,yes,14393.12,Medium
HW1946,41,female,34.2,99.1,2,yes,north,4.0,1985-11-06,red,Leo,86,phone,no,44768.49,High
HW1947,26,female,24.0,69.2,1,no,west,4.0,2000-10-02,red,Scorpio,92,phone,no,6446.05,Low
HW1948,20,female,27.0,77.0,1,yes,east,4.0,2006-08-06,blue,Pisces,9,sms,no,16402.95,Medium
HW1949,48,female,33.7,97.9,0,yes,south,4.0,1978-12-21,purple,Leo,34,email,yes,49427.21,High
HW1950,57,female,26.6,79.5,1,yes,east,4.0,1969-02-07,purple,Aquarius,73,phone,no,44761.25,High
HW1951,54,male,32.5,96.5,3,yes,north,3.0,1972-02-14,red,Pisces,15,sms,no,21634.17,Medium
HW1952,53,male,27.6,80.1,1,no,west,4.0,1973-05-18,purple,Leo,62,sms,no,16289.89,Medium
HW1953,41,male,39.9,115.1,2,yes,west,2.0,1985-11-10,blue,Capricorn,45,phone,no,53303.57,High
HW1954,48,male,37.4,108.4,2,no,west,3.0,1978-11-27,blue,Taurus,84,sms,no,17309.45,Medium
HW1955,23,female,20.0,58.4,4,yes,west,5.0,2003-02-15,blue,Pisces,72,phone,no,16212.44,Medium
HW1956,19,female,31.1,89.3,2,no,south,2.0,2007-07-09,yellow,Aquarius,58,sms,no,13848.38,Medium
HW1957,37,female,23.1,67.1,1,no,south,4.0,1989-05-07,red,Aquarius,92,email,no,7179.19,Low
HW1958,45,male,29.1,81.0,2,yes,east,4.0,1981-04-02,purple,Leo,19,sms,no,44024.11,High
HW1959,28,female,28.4,82.2,0,no,south,2.0,1998-03-02,blue,Pisces,16,phone,yes,6774.52,Low
HW1960,21,female,21.7,63.7,2,yes,north,6.0,2005-05-22,red,Libra,75,email,no,16493.14,Medium
HW1961,32,female,34.4,98.4,3,no,north,4.0,1994-07-19,red,Taurus,8,phone,no,14997.64,Medium
HW1962,23,male,29.2,84.2,0,no,west,4.0,2003-04-24,yellow,Virgo,33,sms,no,6889.76,Low
HW1963,47,female,26.3,73.8,4,no,north,5.0,1979-04-07,purple,Libra,74,email,no,14269.68,Medium
HW1964,55,male,25.4,70.9,3,no,east,5.0,1971-12-22,purple,Leo,18,email,no,16067.46,Medium
HW1965,19,male,28.8,83.7,1,no,south,4.0,2007-07-17,blue,Sagittarius,35,sms,yes,7196.56,Low
HW1966,32,male,30.4,86.4,1,yes,south,3.0,1994-03-22,blue,Cancer,43,email,yes,42226.71,High
HW1967,28,male,27.3,75.3,1,yes,south,5.0,1998-03-15,red,Capricorn,50,email,yes,17703.64,Medium
HW1968,25,female,16.0,44.0,3,no,north,7.0,2001-07-25,purple,Aries,3,email,yes,6037.75,Low
HW1969,43,male,28.1,79.3,3,no,south,3.0,1983-03-17,purple,Scorpio,91,phone,no,15427.1,Medium
HW1970,62,male,19.4,57.6,3,no,west,4.0,1964-10-15,blue,Scorpio,59,phone,no,17334.95,Medium
HW1971,61,female,26.7,77.5,0,no,west,4.0,1965-06-17,green,Libra,28,email,no,38254.08,High
HW1972,22,female,19.6,54.9,0,no,west,5.0,2004-01-14,red,Scorpio,46,sms,yes,5176.29,Low
HW1973,23,male,,55.2,1,no,north,6.0,2003-08-25,purple,Taurus,64,sms,yes,6739.01,Low
HW1974,43,female,35.4,104.9,2,no,south,4.0,1983-02-25,yellow,Gemini,70,phone,yes,17237.63,Medium
HW1975,21,male,26.1,77.3,1,no,north,3.0,2005-05-08,yellow,Sagittarius,47,sms,yes,6375.17,Low
HW1976,36,male,25.6,71.7,4,no,south,6.0,1990-07-23,green,Aries,14,email,no,8137.53,Low
HW1977,37,male,30.9,91.6,0,yes,east,3.0,1989-04-18,blue,Scorpio,7,sms,no,45280.03,High
HW1978,50,male,25.8,74.4,3,yes,east,5.0,1976-05-16,blue,Scorpio,74,phone,yes,45313.19,High
HW1979,37,female,40.6,118.9,0,no,north,2.0,1989-11-27,blue,Libra,79,phone,no,16913.05,Medium
HW1980,29,male,26.4,76.0,3,yes,west,5.0,1997-03-14,yellow,Aquarius,31,email,yes,18244.43,Medium
HW1981,64,female,30.2,89.6,4,no,north,4.0,1962-09-06,blue,Leo,93,phone,yes,44275.81,High
HW1982,18,female,33.8,95.4,4,no,west,3.0,2008-01-19,yellow,Cancer,81,phone,yes,15369.29,Medium
HW1983,43,female,37.6,108.2,0,no,south,3.0,1983-12-04,green,Capricorn,51,phone,yes,15072.17,Medium
HW1984,31,female,23.5,70.3,3,no,west,4.0,1995-09-11,red,Capricorn,29,sms,no,7826.45,Low
HW1985,55,male,25.5,68.9,4,no,west,3.0,1971-06-04,purple,Capricorn,15,phone,no,16154.22,Medium
HW1986,54,female,35.6,102.8,1,no,south,2.0,1972-01-08,green,Capricorn,90,sms,yes,14844.29,Medium
HW1987,28,male,32.9,94.3,1,no,east,3.0,1998-11-02,yellow,Virgo,76,phone,yes,14810.74,Medium
HW1988,53,female,34.5,101.1,3,no,south,2.0,1973-11-11,green,Pisces,25,phone,no,17684.5,Medium
HW1989,30,female,19.8,59.4,0,no,north,5.0,1996-08-22,purple,Aquarius,61,sms,no,5686.84,Low
HW1990,60,male,37.3,109.3,4,no,north,4.0,1966-08-06,red,Aries,41,sms,yes,46527.93,High
HW1991,20,male,23.4,68.1,0,no,north,5.0,2006-05-21,purple,Leo,69,email,yes,6191.65,Low
HW1992,50,male,29.2,84.5,1,no,north,4.0,1976-10-26,yellow,Cancer,4,email,yes,16534.99,Medium
HW1993,23,female,27.1,77.6,4,no,north,5.0,2003-11-08,purple,Cancer,57,sms,yes,6850.86,Low
HW1994,27,female,22.7,66.0,0,no,east,5.0,1999-07-08,green,Libra,31,phone,yes,6484.04,Low
HW1995,22,male,19.5,59.3,2,no,east,5.0,2004-12-08,blue,Sagittarius,3,email,no,5727.14,Low
HW1996,40,male,17.5,48.9,3,no,west,6.0,1986-07-02,green,Scorpio,67,sms,no,8120.78,Low
HW1997,27,male,28.7,82.1,3,no,north,4.0,1999-11-16,yellow,Aquarius,90,sms,yes,8122.31,Low
HW1998,61,male,18.8,54.2,2,no,south,5.0,1965-09-13,red,Pisces,50,phone,yes,14819.14,Medium
HW1999,19,female,21.2,63.3,1,no,north,6.0,2007-07-12,purple,Scorpio,17,sms,yes,12206.47,Medium
HW2000,30,male,26.7,77.6,4,no,east,5.0,1996-11-22,red,Leo,60,email,yes,7155.58,Low
HW2001,57,male,16.0,48.2,3,no,north,4.0,1969-09-17,yellow,Virgo,74,phone,no,14678.66,Medium
HW2002,19,male,32.7,96.6,2,no,east,3.0,2007-11-02,purple,Taurus,66,sms,no,14868.84,Medium
HW2003,37,male,16.0,47.4,2,no,west,5.0,1989-01-26,green,Aquarius,88,sms,yes,7457.96,Low
HW2004,18,female,27.5,77.3,1,yes,west,4.0,2008-12-19,green,Gemini,75,phone,no,9644.73,Low
HW2005,54,male,28.1,84.5,1,no,west,5.0,1972-11-05,yellow,Leo,24,phone,yes,15582.48,Medium
HW2006,26,female,31.2,93.0,0,no,east,3.0,2000-01-20,purple,Taurus,99,phone,yes,12935.56,Medium
HW2007,34,male,27.7,80.2,3,no,north,3.0,1992-08-06,green,Gemini,87,email,no,8960.97,Low
HW2008,26,male,40.1,113.1,0,no,north,2.0,2000-01-12,yellow,Cancer,32,email,yes,15993.1,Medium
HW2009,28,female,29.3,81.6,2,no,south,4.0,1998-01-03,yellow,Virgo,87,sms,no,15693.33,Medium
HW2010,32,male,34.3,99.6,4,no,east,3.0,1994-10-08,red,Leo,98,sms,yes,16006.54,Medium
HW2011,41,female,23.7,67.1,4,yes,south,4.0,1985-11-27,green,Capricorn,19,phone,yes,19041.22,Medium
HW2012,55,female,28.7,79.5,1,no,west,4.0,1971-08-03,purple,Cancer,66,sms,yes,15275.74,Medium
HW2013,52,male,37.3,104.6,4,no,north,4.0,1974-07-19,green,Taurus,60,sms,yes,18170.35,Medium
HW2014,47,female,26.6,75.9,4,yes,east,5.0,1979-04-25,green,Pisces,66,phone,no,47160.52,High
HW2015,48,female,29.2,84.8,4,yes,south,5.0,1978-04-19,green,Aquarius,15,email,yes,47099.52,High
HW2016,22,female,33.9,100.8,2,no,south,3.0,2004-05-23,yellow,Leo,85,email,no,13065.44,Medium
HW2017,61,female,23.5,68.9,4,no,south,5.0,1965-05-20,blue,Leo,35,email,no,15886.55,Medium
HW2018,31,female,16.0,45.5,4,yes,north,6.0,1995-08-04,blue,Aquarius,69,sms,yes,16443.7,Medium
HW2019,28,female,29.5,86.0,4,no,north,4.0,1998-02-26,red,Libra,27,phone,no,13501.74,Medium
HW2020,26,female,33.9,98.6,0,no,north,3.0,2000-06-02,green,Aries,88,email,yes,13159.84,Medium
HW2021,51,female,19.9,59.0,2,no,east,,1975-03-17,blue,Cancer,7,sms,no,7702.09,Low
HW2022,29,male,32.0,92.4,1,no,north,4.0,1997-05-25,red,Aquarius,6,phone,no,13934.66,Medium
HW2023,52,male,32.1,94.8,0,no,east,2.0,1974-02-23,yellow,Leo,33,email,yes,17267.59,Medium
HW2024,52,female,16.0,47.9,3,no,south,5.0,1974-05-18,green,Scorpio,58,email,yes,13763.55,Medium
HW2025,18,male,22.4,64.9,2,no,south,6.0,2008-08-27,purple,Pisces,49,phone,no,7879.59,Low
HW2026,57,female,25.6,73.7,2,no,west,4.0,1969-06-20,yellow,Pisces,17,sms,yes,14935.52,Medium
HW2027,39,female,26.9,79.6,3,yes,north,5.0,1987-04-02,red,Scorpio,42,sms,yes,19383.95,Medium
HW2028,46,male,23.5,66.5,3,no,south,6.0,1980-03-15,yellow,Aries,94,email,no,15199.99,Medium
HW2029,25,female,23.2,64.0,3,yes,north,3.0,2001-07-19,purple,Leo,72,phone,no,17536.4,Medium
HW2030,28,female,38.0,106.8,1,yes,east,3.0,1998-05-26,yellow,Capricorn,40,sms,yes,46429.08,High
HW2031,58,female,27.4,77.6,4,yes,south,5.0,1968-06-06,red,Aries,46,phone,no,47166.76,High
HW2032,54,female,23.8,70.1,2,yes,north,6.0,1972-04-22,purple,Aries,71,phone,yes,44463.06,High
HW2033,31,male,27.8,79.5,4,no,south,3.0,1995-03-23,purple,Taurus,70,email,yes,8256.9,Low
HW2034,47,female,31.2,90.6,4,yes,south,4.0,1979-07-04,yellow,Taurus,68,phone,no,45017.76,High
HW2035,52,female,28.3,80.8,3,no,north,3.0,1974-02-27,purple,Sagittarius,1,phone,yes,17113.41,Medium
HW2036,38,female,26.8,76.5,1,no,south,5.0,1988-07-03,yellow,Cancer,79,phone,no,8073.64,Low
HW2037,54,male,24.1,67.6,0,no,south,5.0,1972-01-02,green,Gemini,95,sms,yes,14592.58,Medium
HW2038,22,female,24.0,69.2,1,yes,south,,2004-10-16,purple,Aquarius,89,email,yes,16406.49,Medium
HW2039,36,male,24.4,70.2,4,no,south,5.0,1990-09-15,yellow,Aries,97,email,yes,8965.07,Low
HW2040,31,male,30.0,87.5,1,no,east,2.0,1995-08-15,green,Pisces,52,phone,no,15354.8,Medium
HW2041,43,female,22.0,64.2,3,no,south,3.0,1983-06-14,purple,Taurus,35,phone,no,8136.92,Low
HW2042,21,female,30.4,87.5,0,no,west,4.0,2005-06-14,green,Virgo,69,sms,yes,11940.18,Medium
HW2043,42,male,,102.5,3,no,south,2.0,1984-01-18,purple,Sagittarius,5,email,no,18277.84,Medium
HW2044,62,female,30.0,88.8,0,no,north,4.0,1964-04-19,red,Leo,17,sms,no,16375.25,Medium
HW2045,59,male,25.8,74.4,4,no,west,4.0,1967-01-16,red,Cancer,53,email,yes,16816.52,Medium
HW2046,42,male,20.2,58.5,0,no,east,7.0,1984-08-07,yellow,Leo,52,sms,no,7654.45,Low
HW2047,35,female,37.5,111.6,0,yes,west,3.0,1991-04-12,blue,Sagittarius,14,phone,no,50103.51,High
HW2048,57,female,21.0,62.5,0,no,west,5.0,1969-09-27,red,Pisces,29,sms,no,14160.08,Medium
HW2049,25,male,33.1,96.6,1,yes,west,3.0,2001-04-01,blue,Libra,8,phone,yes,46239.8,High
HW2050,56,male,31.8,91.9,1,no,north,3.0,1970-10-17,green,Scorpio,98,email,yes,16656.31,Medium
HW2051,57,male,26.6,76.9,4,no,north,4.0,1969-01-17,green,Cancer,1,email,no,17451.15,Medium
HW2052,31,male,26.4,76.8,0,no,north,3.0,1995-04-17,blue,Aquarius,29,phone,yes,6945.36,Low
HW2053,49,female,17.0,49.9,2,no,east,6.0,1977-02-20,yellow,Scorpio,36,email,no,14277.65,Medium
HW2054,55,female,30.0,90.1,4,no,north,3.0,1971-07-02,purple,Virgo,51,sms,yes,16216.56,Medium
HW2055,50,female,31.7,96.6,0,no,north,3.0,1976-08-13,blue,Leo,37,phone,no,15869.36,Medium
HW2056,40,female,21.5,62.7,0,no,west,6.0,1986-07-25,blue,Pisces,93,email,yes,6451.04,Low
HW2057,32,female,27.1,74.0,1,no,north,3.0,1994-06-20,blue,Libra,69,sms,no,13240.33,Medium
HW2058,50,male,28.2,79.6,4,yes,south,4.0,1976-06-15,blue,Virgo,53,sms,yes,47868.62,High
HW2059,42,female,31.5,94.7,0,no,north,3.0,1984-04-23,blue,Gemini,96,email,no,14046.81,Medium
HW2060,34,female,28.0,82.4,0,no,east,4.0,1992-09-03,yellow,Leo,52,email,yes,7230.6,Low
HW2061,50,female,18.2,53.5,4,yes,east,5.0,1976-03-02,red,Sagittarius,88,sms,yes,40801.78,High
HW2062,64,female,24.8,71.3,2,no,south,5.0,1962-01-14,purple,Libra,83,phone,yes,16650.94,Medium
HW2063,19,female,,82.3,4,yes,east,5.0,2007-01-13,red,Pisces,12,email,no,17869.13,Medium
HW2064,31,male,33.0,98.7,4,no,east,3.0,1995-03-23,blue,Cancer,52,email,no,16784.2,Medium
HW2065,57,male,24.3,68.6,2,no,west,5.0,1969-11-25,red,Libra,1,phone,no,16931.44,Medium
HW2066,57,male,41.1,120.2,4,no,south,2.0,1969-02-07,yellow,Leo,7,phone,yes,19485.44,Medium
HW2067,56,female,16.6,45.4,0,yes,west,7.0,1970-01-18,green,Aquarius,17,email,no,36035.4,High
HW2068,23,male,24.6,70.7,4,yes,west,6.0,2003-06-27,red,Taurus,98,phone,yes,17374.63,Medium
HW2069,23,male,27.5,81.5,2,yes,north,4.0,2003-05-08,purple,Virgo,43,sms,yes,15728.79,Medium
HW2070,20,female,26.8,77.0,3,no,south,3.0,2006-12-27,yellow,Libra,71,sms,yes,7011.59,Low
HW2071,24,female,20.6,58.8,4,no,north,6.0,2002-02-01,green,Scorpio,17,sms,no,7718.79,Low
HW2072,25,female,30.7,88.7,1,no,north,4.0,2001-07-22,yellow,Virgo,59,email,yes,13912.91,Medium
HW2073,59,male,30.2,84.6,0,no,west,4.0,1967-08-11,blue,Scorpio,3,phone,no,40690.32,High
HW2074,32,male,,78.7,0,no,east,4.0,1994-08-02,green,Libra,29,sms,no,7256.64,Low
HW2075,64,female,30.0,88.1,1,no,south,3.0,1962-08-06,purple,Taurus,22,phone,yes,41380.15,High
HW2076,46,female,25.5,72.9,1,no,east,5.0,1980-09-07,green,Virgo,38,sms,no,16178.1,Medium
HW2077,50,male,18.3,54.3,4,no,west,6.0,1976-02-24,purple,Sagittarius,54,phone,yes,16082.93,Medium
HW2078,47,male,23.7,70.7,1,no,west,4.0,1979-09-23,blue,Pisces,93,sms,yes,14395.73,Medium
HW2079,56,female,28.9,85.9,3,yes,west,4.0,1970-04-09,purple,Virgo,50,sms,no,45257.5,High
HW2080,44,female,29.0,80.6,2,yes,west,4.0,1982-04-12,yellow,Cancer,69,sms,yes,21487.29,Medium
HW2081,53,male,28.2,80.1,1,no,west,4.0,1973-04-25,red,Libra,30,sms,yes,15255.04,Medium
HW2082,46,female,31.3,91.5,1,yes,west,5.0,1980-08-20,yellow,Gemini,23,sms,yes,47539.14,High
HW2083,55,male,24.5,71.9,3,no,east,4.0,1971-08-24,yellow,Leo,85,sms,no,14632.15,Medium
HW2084,50,male,28.2,86.0,0,no,north,4.0,1976-07-26,green,Aries,90,sms,no,15035.22,Medium
HW2085,54,male,31.4,88.9,0,no,east,4.0,1972-06-08,blue,Capricorn,47,sms,no,14875.49,Medium
HW2086,44,male,27.5,81.8,4,no,south,4.0,1982-07-05,red,Gemini,21,sms,yes,8717.15,Low
HW2087,50,female,20.5,60.0,3,yes,east,4.0,1976-12-13,purple,Scorpio,20,phone,yes,39660.51,High
HW2088,21,female,22.2,60.9,2,no,west,5.0,2005-04-14,green,Sagittarius,23,phone,no,6750.65,Low
HW2089,39,male,33.0,94.3,2,no,east,3.0,1987-12-18,blue,Sagittarius,68,email,no,15658.52,Medium
HW2090,19,male,36.4,105.7,3,no,north,3.0,2007-11-24,red,Capricorn,21,sms,no,17198.03,Medium
HW2091,27,male,35.1,98.0,2,no,south,3.0,1999-09-20,yellow,Taurus,21,phone,no,16003.42,Medium
HW2092,22,male,29.4,80.8,0,no,east,4.0,2004-04-21,blue,Cancer,1,phone,no,7591.97,Low
HW2093,27,male,20.8,56.6,2,no,north,4.0,1999-02-07,blue,Leo,15,phone,yes,7410.65,Low
HW2094,50,female,28.0,81.4,2,no,east,4.0,1976-05-06,blue,Gemini,17,phone,no,15638.45,Medium
HW2095,55,female,37.4,107.1,3,yes,south,3.0,1971-04-24,yellow,Aquarius,51,phone,yes,55400.3,High
HW2096,30,female,31.7,90.4,3,no,east,3.0,1996-08-21,purple,Aries,63,phone,yes,12312.9,Medium
HW2097,48,female,26.8,76.3,2,no,west,,1978-12-22,green,Virgo,14,email,yes,14424.01,Medium
HW2098,64,male,31.8,89.1,1,no,east,3.0,1962-03-17,purple,Capricorn,59,phone,yes,40581.11,High
HW2099,53,male,20.4,58.0,3,no,north,4.0,1973-09-25,red,Taurus,83,email,no,13411.14,Medium
HW2100,62,male,23.8,65.1,4,no,east,5.0,1964-03-20,green,Sagittarius,50,email,yes,16182.17,Medium
HW2101,41,male,21.5,64.5,4,no,north,,1985-07-18,red,Aries,34,sms,no,8063.5,Low
HW2102,32,male,,92.4,0,no,south,5.0,1994-12-19,yellow,Aquarius,6,sms,yes,15158.78,Medium
HW2103,46,female,32.3,88.7,2,yes,east,3.0,1980-06-27,purple,Sagittarius,49,sms,no,47899.94,High
HW2104,25,male,27.1,77.4,1,no,south,,2001-08-17,blue,Libra,6,phone,no,6413.52,Low
HW2105,22,female,22.8,65.1,0,yes,south,4.0,2004-04-15,green,Aquarius,69,sms,yes,15976.64,Medium
HW2106,46,female,27.9,80.3,2,yes,east,4.0,1980-01-02,blue,Capricorn,7,phone,no,43053.05,High
HW2107,64,female,25.1,74.5,3,no,north,5.0,1962-08-22,red,Taurus,97,phone,yes,16554.07,Medium
HW2108,21,female,23.2,66.1,4,no,south,6.0,2005-09-02,blue,Virgo,77,sms,no,7293.17,Low
HW2109,29,male,30.0,86.5,1,no,south,4.0,1997-03-09,blue,Scorpio,51,sms,yes,13279.57,Medium
HW2110,62,female,23.5,73.9,4,yes,east,5.0,1964-09-13,yellow,Taurus,1,email,yes,46446.25,High
HW2111,19,female,18.6,53.5,3,no,east,5.0,2007-06-15,yellow,Leo,13,email,no,6558.93,Low
HW2112,44,female,19.9,61.0,2,no,east,5.0,1982-03-21,purple,Pisces,43,phone,no,7658.08,Low
HW2113,48,male,18.4,54.2,3,no,east,6.0,1978-02-07,red,Aquarius,27,phone,yes,13624.34,Medium
HW2114,53,male,29.5,84.1,3,no,east,4.0,1973-10-11,yellow,Virgo,71,sms,yes,16747.83,Medium
HW2115,53,male,28.9,82.1,4,no,west,4.0,1973-08-06,yellow,Gemini,3,sms,no,16811.46,Medium
HW2116,43,female,28.6,82.6,1,no,east,4.0,1983-08-02,purple,Pisces,58,email,yes,8260.43,Low
HW2117,60,female,31.5,88.8,3,no,north,2.0,1966-03-16,green,Taurus,89,sms,yes,41900.21,High
HW2118,44,male,35.2,100.0,4,yes,south,4.0,1982-07-10,purple,Aquarius,97,phone,yes,48794.36,High
HW2119,22,female,24.4,69.7,1,no,north,5.0,2004-12-17,blue,Virgo,17,sms,no,11629.89,Medium
HW2120,37,male,30.4,88.4,2,no,north,3.0,1989-07-22,blue,Gemini,45,email,yes,15381.01,Medium
HW2121,28,male,18.5,57.1,2,no,west,6.0,1998-08-07,yellow,Taurus,78,phone,yes,7143.31,Low
HW2122,27,female,36.3,103.9,0,yes,east,3.0,1999-04-03,yellow,Aries,58,email,no,45525.33,High
HW2123,57,female,20.5,60.2,4,no,south,6.0,1969-03-15,purple,Scorpio,56,email,yes,14867.05,Medium
HW2124,55,female,23.7,65.2,1,no,north,3.0,1971-04-25,purple,Aries,54,phone,yes,14306.49,Medium
HW2125,23,female,24.4,72.6,3,no,east,4.0,2003-09-13,red,Pisces,87,email,yes,12085.91,Medium
HW2126,25,male,18.8,50.9,2,yes,east,7.0,2001-02-21,blue,Leo,88,sms,yes,17327.54,Medium
HW2127,40,male,28.2,83.1,1,no,west,4.0,1986-01-04,purple,Aquarius,29,sms,no,7879.47,Low
HW2128,64,male,29.3,84.5,4,no,west,5.0,1962-02-08,green,Virgo,54,email,yes,18135.89,Medium
HW2129,43,male,26.9,77.5,0,no,west,3.0,1983-04-16,red,Aquarius,27,sms,yes,7565.9,Low
HW2130,63,male,18.8,53.7,2,yes,south,6.0,1963-05-11,purple,Pisces,45,email,yes,44266.52,High
HW2131,60,female,39.9,112.7,1,no,north,3.0,1966-04-21,yellow,Pisces,87,sms,yes,45869.96,High
HW2132,29,male,31.3,88.0,1,no,west,2.0,1997-05-21,purple,Gemini,31,email,yes,13445.95,Medium
HW2133,43,male,43.8,128.3,1,yes,west,1.0,1983-11-19,yellow,Libra,36,sms,no,55227.81,High
HW2134,30,male,23.2,67.1,4,yes,west,5.0,1996-07-19,yellow,Taurus,81,phone,no,16011.33,Medium
HW2135,57,female,33.7,96.8,4,no,north,2.0,1969-02-19,blue,Libra,61,phone,yes,16511.47,Medium
HW2136,35,female,32.7,95.4,4,yes,north,3.0,1991-11-03,blue,Taurus,37,sms,yes,47554.64,High
HW2137,42,female,26.3,76.2,3,yes,west,5.0,1984-08-20,purple,Leo,67,email,no,20037.15,Medium
HW2138,50,female,36.5,103.9,1,no,west,2.0,1976-03-10,purple,Libra,36,sms,no,17025.84,Medium
HW2139,64,male,25.6,78.9,2,no,east,5.0,1962-05-20,green,Aquarius,5,email,no,16913.49,Medium
HW2140,57,male,25.8,76.0,4,yes,west,5.0,1969-09-08,red,Aquarius,46,sms,yes,51638.69,High
HW2141,60,female,16.0,46.5,4,no,south,6.0,1966-11-16,red,Gemini,79,sms,yes,15222.26,Medium
HW2142,29,female,30.5,87.1,1,yes,south,3.0,1997-07-15,purple,Aquarius,52,phone,yes,40954.88,High
HW2143,61,male,20.0,59.7,4,yes,west,6.0,1965-08-21,blue,Cancer,49,email,yes,46134.39,High
HW2144,53,male,24.7,69.8,3,yes,north,3.0,1973-04-23,green,Aries,6,email,yes,44171.14,High
HW2145,21,female,21.8,61.3,3,no,east,5.0,2005-01-06,red,Gemini,10,email,yes,6435.29,Low
HW2146,22,female,25.8,77.9,4,yes,north,5.0,2004-08-07,purple,Sagittarius,96,email,no,16191.16,Medium
HW2147,54,female,30.7,88.8,1,yes,west,3.0,1972-02-13,blue,Capricorn,23,email,no,46974.45,High
HW2148,25,female,28.1,79.7,1,no,south,3.0,2001-07-06,blue,Leo,17,phone,yes,11626.45,Medium
HW2149,59,male,32.3,93.4,1,no,east,4.0,1967-05-20,blue,Scorpio,84,sms,yes,43408.36,High
HW2150,45,male,35.6,104.6,0,yes,north,3.0,1981-01-18,yellow,Taurus,44,email,yes,49164.25,High
HW2151,48,male,25.8,75.8,4,no,north,5.0,1978-07-10,blue,Gemini,41,email,no,14679.14,Medium
HW2152,26,female,25.1,74.5,1,yes,west,5.0,2000-03-05,purple,Libra,15,sms,no,16715.06,Medium
HW2153,46,female,33.7,94.9,3,no,east,,1980-08-13,green,Capricorn,44,phone,no,17230.45,Medium
HW2154,31,male,34.2,100.7,2,no,south,4.0,1995-08-22,purple,Cancer,58,phone,no,16661.04,Medium
HW2155,57,male,32.4,93.3,2,no,west,5.0,1969-05-02,blue,Sagittarius,86,phone,yes,15736.35,Medium
HW2156,58,male,22.3,64.6,1,no,east,6.0,1968-09-17,green,Libra,50,sms,no,14623.49,Medium
HW2157,39,male,30.5,90.6,2,no,north,1.0,1987-11-18,red,Aquarius,52,sms,no,14134.58,Medium
HW2158,28,female,28.7,84.3,2,yes,west,4.0,1998-01-12,red,Pisces,70,phone,yes,18244.2,Medium
HW2159,40,male,34.3,99.8,0,no,north,3.0,1986-04-20,purple,Aries,68,phone,yes,14205.98,Medium
HW2160,18,male,24.6,67.1,3,yes,north,4.0,2008-05-05,green,Cancer,63,sms,yes,17991.31,Medium
HW2161,63,male,18.0,51.9,3,no,west,6.0,1963-08-27,purple,Capricorn,58,phone,no,16708.32,Medium
HW2162,54,male,32.1,91.2,0,no,west,3.0,1972-11-03,green,Aquarius,23,email,yes,17144.31,Medium
HW2163,38,male,16.0,47.7,0,no,west,6.0,1988-06-13,green,Virgo,44,sms,no,6637.22,Low
HW2164,43,male,23.6,70.2,2,no,west,5.0,1983-12-19,purple,Virgo,83,phone,no,8073.56,Low
HW2165,63,male,21.9,62.7,4,no,west,4.0,1963-02-24,green,Capricorn,95,email,no,16216.02,Medium
HW2166,53,female,21.8,61.7,2,no,north,5.0,1973-01-25,blue,Virgo,44,sms,no,15553.57,Medium
HW2167,40,female,23.5,71.0,0,yes,south,4.0,1986-11-07,green,Leo,52,sms,yes,16001.77,Medium
HW2168,18,female,35.3,100.8,3,no,south,2.0,2008-12-10,green,Gemini,67,email,yes,14311.51,Medium
HW2169,57,female,32.9,92.7,2,no,west,2.0,1969-12-11,purple,Taurus,28,sms,no,9131.95,Low
HW2170,32,male,26.5,74.9,4,no,north,4.0,1994-04-19,red,Gemini,67,phone,yes,8251.26,Low
HW2171,38,female,,99.5,2,no,south,4.0,1988-06-25,yellow,Sagittarius,78,sms,no,16136.53,Medium
HW2172,64,female,21.6,60.7,1,yes,south,5.0,1962-09-20,green,Gemini,18,phone,no,40972.2,High
HW2173,26,male,20.8,61.8,2,no,south,5.0,2000-10-05,yellow,Gemini,27,email,yes,6999.02,Low
HW2174,26,male,33.2,91.6,0,no,north,2.0,2000-11-13,green,Aries,51,email,yes,13830.05,Medium
HW2175,27,female,31.5,89.3,3,yes,west,3.0,1999-09-02,purple,Taurus,60,sms,no,44037.69,High
HW2176,43,female,25.2,72.7,3,no,west,5.0,1983-02-21,purple,Aquarius,74,email,yes,8299.57,Low
HW2177,58,male,21.2,61.7,0,no,west,7.0,1968-01-24,green,Pisces,49,email,no,15326.99,Medium
HW2178,52,female,36.8,109.7,1,no,east,3.0,1974-05-12,purple,Gemini,15,sms,yes,16457.21,Medium
HW2179,42,male,17.7,54.2,0,no,east,6.0,1984-10-02,purple,Taurus,83,phone,no,7500.42,Low
HW2180,43,male,24.4,67.3,2,yes,east,4.0,1983-12-09,green,Scorpio,73,sms,no,19373.85,Medium
HW2181,28,male,29.4,81.1,0,no,north,4.0,1998-02-23,red,Virgo,68,sms,yes,7560.73,Low
HW2182,55,male,38.8,112.2,0,no,south,3.0,1971-08-22,green,Libra,15,phone,yes,18184.05,Medium
HW2183,19,female,30.3,86.2,1,no,south,3.0,2007-11-23,red,Aries,51,phone,no,12812.87,Medium
HW2184,24,male,30.9,86.9,2,no,north,3.0,2002-11-17,purple,Virgo,48,phone,yes,13861.29,Medium
HW2185,35,male,24.6,71.1,4,yes,north,5.0,1991-04-13,red,Taurus,72,sms,yes,17810.95,Medium
HW2186,44,female,31.4,91.2,4,yes,west,3.0,1982-07-16,purple,Virgo,1,phone,no,50212.94,High
HW2187,51,male,28.6,81.0,3,no,west,4.0,1975-01-13,red,Gemini,7,email,no,17918.16,Medium
HW2188,44,female,18.5,52.2,0,no,east,4.0,1982-01-11,red,Libra,53,phone,yes,12186.53,Medium
HW2189,34,female,32.8,93.3,3,no,east,4.0,1992-06-20,green,Gemini,31,email,yes,15444.77,Medium
HW2190,60,female,33.8,96.9,1,yes,north,5.0,1966-03-12,red,Sagittarius,18,phone,no,49884.3,High
HW2191,61,male,32.8,95.9,4,no,east,3.0,1965-05-09,purple,Gemini,12,email,no,43313.6,High
HW2192,41,female,28.2,79.3,0,no,south,4.0,1985-10-26,green,Libra,48,email,no,7740.89,Low
HW2193,42,female,22.3,63.2,1,no,north,6.0,1984-12-27,red,Pisces,30,email,no,8817.36,Low
HW2194,24,male,16.0,45.4,1,yes,north,,2002-10-19,green,Cancer,97,email,no,16895.81,Medium
HW2195,23,female,28.9,83.5,0,no,south,4.0,2003-05-26,yellow,Scorpio,7,email,no,7342.49,Low
HW2196,41,female,34.5,100.3,1,no,west,2.0,1985-05-09,green,Taurus,92,phone,no,15871.89,Medium
HW2197,50,female,34.0,102.3,0,no,west,3.0,1976-11-26,yellow,Scorpio,3,sms,no,38948.45,High
HW2198,46,female,32.9,96.2,0,no,south,3.0,1980-11-20,yellow,Sagittarius,63,sms,yes,16225.13,Medium
HW2199,60,female,27.6,81.0,2,no,south,4.0,1966-01-10,green,Scorpio,6,sms,yes,13710.01,Medium
HW1005,38,male,22.5,65.8,2,no,south,5.0,1988-07-06,red,Libra,24,phone,no,7498.53,Low
HW1006,56,male,27.8,79.8,0,yes,south,5.0,1970-05-16,blue,Libra,2,sms,no,45206.27,High
HW1007,36,male,40.0,116.9,4,yes,east,1.0,1990-10-05,yellow,Libra,99,email,no,55009.88,High
